ymin	ymax	xmin	xmax	showSelected2
0	0.07142857214536	0.00731364275668073	0.0105766526019691	McGill0012
0	0.142857144291394	0.0105766526019691	0.0126582278481013	McGill0012
0	0.07142857214536	0.0126582278481013	0.0136708860759494	McGill0012
0	0.142857144291394	0.0136708860759494	0.0158649789029536	McGill0012
0	0.07142857214536	0.0158649789029536	0.0164275668073136	McGill0012
0	0.142857144291394	0.0164275668073136	0.0192405063291139	McGill0012
0	0.07142857214536	0.0192405063291139	0.019915611814346	McGill0012
0	0.214285711415864	0.019915611814346	0.020309423347398	McGill0012
0	0.285714288582114	0.020309423347398	0.0217721518987342	McGill0012
0	0.214285711415864	0.0217721518987342	0.0220534458509142	McGill0012
0	0.142857144291394	0.0220534458509142	0.0240787623066104	McGill0012
0	0.214285711415864	0.0240787623066104	0.0258227848101266	McGill0012
0	0.142857144291394	0.0258227848101266	0.0272855133614627	McGill0012
0	0.214285711415864	0.0272855133614627	0.0277355836849508	McGill0012
0	0.285714288582114	0.0277355836849508	0.0280168776371308	McGill0012
0	0.357142845666153	0.0280168776371308	0.0281293952180028	McGill0012
0	0.571428577164228	0.0281293952180028	0.029704641350211	McGill0012
0	0.428571422832403	0.029704641350211	0.0311111111111111	McGill0012
0	0.499999999998652	0.0311111111111111	0.0311673699015471	McGill0012
0	0.571428577164228	0.0311673699015471	0.0317299578059072	McGill0012
0	0.714285691332306	0.0317299578059072	0.0328551336146273	McGill0012
0	0.642857154330478	0.0328551336146273	0.0332489451476793	McGill0012
0	0.714285691332306	0.0332489451476793	0.0334739803094234	McGill0012
0	0.785714308660956	0.0334739803094234	0.0335864978902954	McGill0012
0	0.714285691332306	0.0335864978902954	0.0336990154711674	McGill0012
0	0.642857154330478	0.0336990154711674	0.0337552742616034	McGill0012
0	0.499999999998652	0.0337552742616034	0.0367369901547117	McGill0012
0	0.285714288582114	0.0367369901547117	0.0372995780590717	McGill0012
0	0.142857144291394	0.0372995780590717	0.0388748241912799	McGill0012
0	0.07142857214536	0.0524331926863573	0.0580028129395218	McGill0012
0	0.07142857214536	0.0583403656821378	0.0687482419127989	McGill0012
0	0.142857144291394	0.0687482419127989	0.069535864978903	McGill0012
0	0.07142857214536	0.069535864978903	0.0743741209563994	McGill0012
0	0.07142857214536	0.0840506329113924	0.0844444444444445	McGill0012
0	0.142857144291394	0.0844444444444445	0.089676511954993	McGill0012
0	0.07142857214536	0.089676511954993	0.090014064697609	McGill0012
0	0.142857144291394	0.0928270042194093	0.0983966244725738	McGill0012
0	0.07142857214536	0.0983966244725738	0.0984528832630098	McGill0012
0	0.142857144291394	0.0985654008438818	0.104191279887482	McGill0012
0	0.07142857214536	0.11774964838256	0.118143459915612	McGill0012
0	0.142857144291394	0.118143459915612	0.118762306610408	McGill0012
0	0.214285711415864	0.118762306610408	0.119549929676512	McGill0012
0	0.285714288582114	0.119549929676512	0.122137834036568	McGill0012
0	0.357142845666153	0.122137834036568	0.122925457102672	McGill0012
0	0.428571422832403	0.122925457102672	0.123319268635724	McGill0012
0	0.357142845666153	0.123319268635724	0.123769338959212	McGill0012
0	0.285714288582114	0.123769338959212	0.1242194092827	McGill0012
0	0.214285711415864	0.1242194092827	0.125175808720113	McGill0012
0	0.142857144291394	0.125175808720113	0.125232067510549	McGill0012
0	0.214285711415864	0.125232067510549	0.127763713080169	McGill0012
0	0.142857144291394	0.127763713080169	0.128551336146273	McGill0012
0	0.07142857214536	0.128551336146273	0.130632911392405	McGill0012
0	0.142857144291394	0.130632911392405	0.130801687763713	McGill0012
0	0.07142857214536	0.130801687763713	0.133895921237693	McGill0012
0	0.07142857214536	0.135527426160338	0.136990154711674	McGill0012
0	0.142857144291394	0.136990154711674	0.13845288326301	McGill0012
0	0.214285711415864	0.13845288326301	0.139746835443038	McGill0012
0	0.285714288582114	0.139746835443038	0.141153305203938	McGill0012
0	0.214285711415864	0.141153305203938	0.142559774964838	McGill0012
0	0.142857144291394	0.142559774964838	0.14407876230661	McGill0012
0	0.07142857214536	0.14407876230661	0.145035161744023	McGill0012
0	0.142857144291394	0.145035161744023	0.145316455696203	McGill0012
0	0.07142857214536	0.145316455696203	0.148410689170183	McGill0012
0	0.142857144291394	0.148410689170183	0.149254571026723	McGill0012
0	0.214285711415864	0.149254571026723	0.150661040787623	McGill0012
0	0.142857144291394	0.150661040787623	0.152067510548523	McGill0012
0	0.214285711415864	0.152067510548523	0.152798874824191	McGill0012
0	0.357142845666153	0.152798874824191	0.153980309423347	McGill0012
0	0.285714288582114	0.153980309423347	0.154599156118143	McGill0012
0	0.499999999998652	0.154599156118143	0.154880450070324	McGill0012
0	0.428571422832403	0.154880450070324	0.155443037974684	McGill0012
0	0.642857154330478	0.155443037974684	0.155836849507736	McGill0012
0	0.714285691332306	0.155836849507736	0.157693389592124	McGill0012
0	0.642857154330478	0.157693389592124	0.15831223628692	McGill0012
0	0.785714308660956	0.15831223628692	0.158368495077356	McGill0012
0	0.642857154330478	0.158368495077356	0.159212376933896	McGill0012
0	0.714285691332306	0.159212376933896	0.160225035161744	McGill0012
0	0.499999999998652	0.160225035161744	0.161068917018284	McGill0012
0	0.285714288582114	0.161068917018284	0.161462728551336	McGill0012
0	0.214285711415864	0.161462728551336	0.16393811533052	McGill0012
0	0.07142857214536	0.16393811533052	0.164613220815752	McGill0012
0	0.142857144291394	0.164613220815752	0.164838255977496	McGill0012
0	0.07142857214536	0.164838255977496	0.167032348804501	McGill0012
0	0.142857144291394	0.167032348804501	0.170182841068917	McGill0012
0	0.07142857214536	0.170182841068917	0.172658227848101	McGill0012
0	0.07142857214536	0.180365682137834	0.182165963431786	McGill0012
0	0.142857144291394	0.182165963431786	0.182503516174402	McGill0012
0	0.285714288582114	0.182503516174402	0.185879043600563	McGill0012
0	0.214285711415864	0.185879043600563	0.186947960618847	McGill0012
0	0.285714288582114	0.186947960618847	0.187735583684951	McGill0012
0	0.214285711415864	0.187735583684951	0.187960618846695	McGill0012
0	0.285714288582114	0.187960618846695	0.188016877637131	McGill0012
0	0.357142845666153	0.188016877637131	0.188073136427567	McGill0012
0	0.285714288582114	0.188073136427567	0.188129395218003	McGill0012
0	0.214285711415864	0.188129395218003	0.190492264416315	McGill0012
0	0.285714288582114	0.190492264416315	0.192573839662447	McGill0012
0	0.214285711415864	0.192573839662447	0.192630098452883	McGill0012
0	0.285714288582114	0.192630098452883	0.193586497890295	McGill0012
0	0.142857144291394	0.193586497890295	0.194374120956399	McGill0012
0	0.214285711415864	0.194374120956399	0.196005625879044	McGill0012
0	0.285714288582114	0.196005625879044	0.196118143459916	McGill0012
0	0.214285711415864	0.196118143459916	0.19746835443038	McGill0012
0	0.285714288582114	0.19746835443038	0.197918424753868	McGill0012
0	0.357142845666153	0.197918424753868	0.198255977496484	McGill0012
0	0.285714288582114	0.198255977496484	0.19943741209564	McGill0012
0	0.428571422832403	0.19943741209564	0.2	McGill0012
0	0.357142845666153	0.2	0.200618846694796	McGill0012
0	0.428571422832403	0.200618846694796	0.201575246132208	McGill0012
0	0.357142845666153	0.201575246132208	0.202306610407876	McGill0012
0	0.428571422832403	0.202306610407876	0.202362869198312	McGill0012
0	0.499999999998652	0.202362869198312	0.20309423347398	McGill0012
0	0.428571422832403	0.20309423347398	0.203544303797468	McGill0012
0	0.357142845666153	0.203544303797468	0.205063291139241	McGill0012
0	0.214285711415864	0.205063291139241	0.205344585091421	McGill0012
0	0.142857144291394	0.205344585091421	0.205400843881857	McGill0012
0	0.214285711415864	0.205400843881857	0.206244725738397	McGill0012
0	0.142857144291394	0.206244725738397	0.207932489451477	McGill0012
0	0.07142857214536	0.218227848101266	0.219971870604782	McGill0012
0	0.142857144291394	0.219971870604782	0.223853727144866	McGill0012
0	0.07142857214536	0.223853727144866	0.225597749648383	McGill0012
0	0.07142857214536	0.24084388185654	0.244556962025316	McGill0012
0	0.142857144291394	0.244556962025316	0.245344585091421	McGill0012
0	0.214285711415864	0.245344585091421	0.246469760900141	McGill0012
0	0.142857144291394	0.246469760900141	0.249395218002813	McGill0012
0	0.07142857214536	0.249395218002813	0.250126582278481	McGill0012
0	0.142857144291394	0.250126582278481	0.250970464135021	McGill0012
0	0.07142857214536	0.250970464135021	0.255696202531646	McGill0012
0	0.07142857214536	0.263291139240506	0.268804500703235	McGill0012
0	0.07142857214536	0.268860759493671	0.269367088607595	McGill0012
0	0.142857144291394	0.269367088607595	0.272461322081575	McGill0012
0	0.214285711415864	0.272461322081575	0.272911392405063	McGill0012
0	0.285714288582114	0.272911392405063	0.274486638537271	McGill0012
0	0.214285711415864	0.274486638537271	0.274992967651196	McGill0012
0	0.142857144291394	0.274992967651196	0.27803094233474	McGill0012
0	0.07142857214536	0.27803094233474	0.27831223628692	McGill0012
0	0.142857144291394	0.27831223628692	0.278537271448664	McGill0012
0	0.07142857214536	0.278537271448664	0.281237693389592	McGill0012
0	0.142857144291394	0.281237693389592	0.282869198312236	McGill0012
0	0.214285711415864	0.282869198312236	0.283488045007032	McGill0012
0	0.285714288582114	0.283488045007032	0.283544303797468	McGill0012
0	0.214285711415864	0.283544303797468	0.284050632911392	McGill0012
0	0.285714288582114	0.284050632911392	0.286807313642757	McGill0012
0	0.214285711415864	0.286807313642757	0.288495077355837	McGill0012
0	0.142857144291394	0.288495077355837	0.289113924050633	McGill0012
0	0.07142857214536	0.289113924050633	0.289676511954993	McGill0012
0	0.214285711415864	0.296090014064698	0.299353023909986	McGill0012
0	0.285714288582114	0.299353023909986	0.299409282700422	McGill0012
0	0.357142845666153	0.299409282700422	0.29957805907173	McGill0012
0	0.428571422832403	0.29957805907173	0.301715893108298	McGill0012
0	0.285714288582114	0.301715893108298	0.304978902953587	McGill0012
0	0.07142857214536	0.304978902953587	0.306610407876231	McGill0012
0	0.142857144291394	0.306610407876231	0.307341772151899	McGill0012
0	0.07142857214536	0.307341772151899	0.311617440225035	McGill0012
0	0.142857144291394	0.316849507735584	0.318087201125176	McGill0012
0	0.214285711415864	0.318087201125176	0.319887482419128	McGill0012
0	0.357142845666153	0.319887482419128	0.320337552742616	McGill0012
0	0.428571422832403	0.320337552742616	0.32056258790436	McGill0012
0	0.499999999998652	0.32056258790436	0.321575246132208	McGill0012
0	0.714285691332306	0.321575246132208	0.322475386779184	McGill0012
0	0.571428577164228	0.322475386779184	0.323488045007032	McGill0012
0	0.642857154330478	0.323488045007032	0.323713080168776	McGill0012
0	0.571428577164228	0.323713080168776	0.324950773558369	McGill0012
0	0.642857154330478	0.324950773558369	0.325344585091421	McGill0012
0	0.785714308660956	0.325344585091421	0.325513361462729	McGill0012
0	0.642857154330478	0.325513361462729	0.325963431786217	McGill0012
0	0.571428577164228	0.325963431786217	0.326019690576653	McGill0012
0	0.642857154330478	0.326019690576653	0.326188466947961	McGill0012
0	0.571428577164228	0.326188466947961	0.326469760900141	McGill0012
0	0.642857154330478	0.326469760900141	0.327201125175809	McGill0012
0	0.428571422832403	0.327201125175809	0.328101265822785	McGill0012
0	0.499999999998652	0.328101265822785	0.328945147679325	McGill0012
0	0.571428577164228	0.328945147679325	0.329113924050633	McGill0012
0	0.499999999998652	0.329113924050633	0.329282700421941	McGill0012
0	0.571428577164228	0.329282700421941	0.330576652601969	McGill0012
0	0.499999999998652	0.330576652601969	0.330970464135021	McGill0012
0	0.357142845666153	0.330970464135021	0.331308016877637	McGill0012
0	0.428571422832403	0.331308016877637	0.331589310829817	McGill0012
0	0.357142845666153	0.331589310829817	0.332095639943741	McGill0012
0	0.285714288582114	0.332095639943741	0.332714486638537	McGill0012
0	0.357142845666153	0.332714486638537	0.332939521800281	McGill0012
0	0.428571422832403	0.332939521800281	0.333670886075949	McGill0012
0	0.357142845666153	0.333670886075949	0.33451476793249	McGill0012
0	0.285714288582114	0.33451476793249	0.334739803094233	McGill0012
0	0.214285711415864	0.334739803094233	0.336933895921238	McGill0012
0	0.142857144291394	0.336933895921238	0.337215189873418	McGill0012
0	0.214285711415864	0.337215189873418	0.337721518987342	McGill0012
0	0.142857144291394	0.337721518987342	0.338565400843882	McGill0012
0	0.07142857214536	0.338565400843882	0.339127988748242	McGill0012
0	0.142857144291394	0.339127988748242	0.34070323488045	McGill0012
0	0.214285711415864	0.34070323488045	0.342841068917018	McGill0012
0	0.142857144291394	0.342841068917018	0.344472573839663	McGill0012
0	0.214285711415864	0.344472573839663	0.344697609001406	McGill0012
0	0.142857144291394	0.344697609001406	0.346329113924051	McGill0012
0	0.07142857214536	0.346329113924051	0.350098452883263	McGill0012
0	0.07142857214536	0.353699015471167	0.354542897327707	McGill0012
0	0.142857144291394	0.354542897327707	0.354880450070324	McGill0012
0	0.214285711415864	0.354880450070324	0.359324894514768	McGill0012
0	0.142857144291394	0.359324894514768	0.359831223628692	McGill0012
0	0.07142857214536	0.359831223628692	0.360506329113924	McGill0012
0	0.07142857214536	0.360731364275668	0.362137834036568	McGill0012
0	0.214285711415864	0.362137834036568	0.362700421940928	McGill0012
0	0.285714288582114	0.362700421940928	0.3628129395218	McGill0012
0	0.357142845666153	0.3628129395218	0.366357243319269	McGill0012
0	0.285714288582114	0.366357243319269	0.367707454289733	McGill0012
0	0.214285711415864	0.367707454289733	0.367763713080169	McGill0012
0	0.142857144291394	0.367763713080169	0.368270042194093	McGill0012
0	0.07142857214536	0.403544303797468	0.405738396624473	McGill0012
0	0.142857144291394	0.405738396624473	0.406469760900141	McGill0012
0	0.214285711415864	0.406469760900141	0.409170182841069	McGill0012
0	0.142857144291394	0.409170182841069	0.410745428973277	McGill0012
0	0.214285711415864	0.410745428973277	0.411364275668073	McGill0012
0	0.142857144291394	0.411364275668073	0.412095639943741	McGill0012
0	0.07142857214536	0.412095639943741	0.416371308016878	McGill0012
0	0.07142857214536	0.424472573839662	0.429929676511955	McGill0012
0	0.142857144291394	0.429929676511955	0.430098452883263	McGill0012
0	0.07142857214536	0.430098452883263	0.430267229254571	McGill0012
0	0.214285711415864	0.430267229254571	0.432123769338959	McGill0012
0	0.285714288582114	0.432123769338959	0.432180028129395	McGill0012
0	0.357142845666153	0.432180028129395	0.435555555555556	McGill0012
0	0.285714288582114	0.435555555555556	0.435893108298172	McGill0012
0	0.142857144291394	0.435893108298172	0.43774964838256	McGill0012
0	0.285714288582114	0.457552742616034	0.463178621659634	McGill0012
0	0.142857144291394	0.4743741209564	0.475668073136428	McGill0012
0	0.285714288582114	0.475668073136428	0.48	McGill0012
0	0.142857144291394	0.48	0.481237693389592	McGill0012
0	0.07142857214536	0.485513361462729	0.491082981715893	McGill0012
0	0.07142857214536	0.491251758087201	0.496821378340366	McGill0012
0	0.142857144291394	0.535527426160338	0.53563994374121	McGill0012
0	0.285714288582114	0.53563994374121	0.539971870604782	McGill0012
0	0.357142845666153	0.539971870604782	0.541153305203938	McGill0012
0	0.214285711415864	0.541153305203938	0.54126582278481	McGill0012
0	0.07142857214536	0.54126582278481	0.541772151898734	McGill0012
0	0.142857144291394	0.541772151898734	0.545091420534459	McGill0012
0	0.07142857214536	0.545091420534459	0.545541490857947	McGill0012
0	0.285714288582114	0.546272855133615	0.551842475386779	McGill0012
0	0.142857144291394	0.551842475386779	0.551898734177215	McGill0012
0	0.142857144291394	0.552123769338959	0.552180028129395	McGill0012
0	0.285714288582114	0.552180028129395	0.55774964838256	McGill0012
0	0.142857144291394	0.55915611814346	0.560450070323488	McGill0012
0	0.214285711415864	0.560450070323488	0.560675105485232	McGill0012
0	0.285714288582114	0.560675105485232	0.564781997187061	McGill0012
0	0.142857144291394	0.564781997187061	0.566075949367089	McGill0012
0	0.07142857214536	0.568326300984529	0.569338959212377	McGill0012
0	0.142857144291394	0.569338959212377	0.573952180028129	McGill0012
0	0.07142857214536	0.573952180028129	0.574964838255978	McGill0012
0	0.07142857214536	0.598368495077356	0.601293952180028	McGill0012
0	0.142857144291394	0.601293952180028	0.603994374120956	McGill0012
0	0.07142857214536	0.603994374120956	0.604219409282701	McGill0012
0	0.142857144291394	0.604219409282701	0.606863572433193	McGill0012
0	0.07142857214536	0.606863572433193	0.606919831223629	McGill0012
0	0.142857144291394	0.606919831223629	0.607369901547117	McGill0012
0	0.214285711415864	0.607369901547117	0.609845288326301	McGill0012
0	0.142857144291394	0.609845288326301	0.611926863572433	McGill0012
0	0.214285711415864	0.611926863572433	0.612376933895921	McGill0012
0	0.285714288582114	0.612376933895921	0.612545710267229	McGill0012
0	0.214285711415864	0.612545710267229	0.612939521800281	McGill0012
0	0.142857144291394	0.612939521800281	0.61648382559775	McGill0012
0	0.07142857214536	0.61648382559775	0.616990154711674	McGill0012
0	0.214285711415864	0.616990154711674	0.617552742616034	McGill0012
0	0.142857144291394	0.617552742616034	0.620084388185654	McGill0012
0	0.214285711415864	0.620084388185654	0.620196905766526	McGill0012
0	0.357142845666153	0.620196905766526	0.621040787623066	McGill0012
0	0.285714288582114	0.621040787623066	0.622334739803094	McGill0012
0	0.214285711415864	0.622334739803094	0.622559774964838	McGill0012
0	0.142857144291394	0.622559774964838	0.622616033755274	McGill0012
0	0.07142857214536	0.626666666666667	0.629142053445851	McGill0012
0	0.142857144291394	0.629142053445851	0.632292545710267	McGill0012
0	0.07142857214536	0.632292545710267	0.634767932489452	McGill0012
0	0.07142857214536	0.651926863572433	0.657496483825598	McGill0012
0	0.142857144291394	0.657496483825598	0.657552742616034	McGill0012
0	0.07142857214536	0.657552742616034	0.661997187060478	McGill0012
0	0.285714288582114	0.661997187060478	0.66267229254571	McGill0012
0	0.357142845666153	0.66267229254571	0.663122362869198	McGill0012
0	0.285714288582114	0.663122362869198	0.66323488045007	McGill0012
0	0.357142845666153	0.66323488045007	0.663291139240506	McGill0012
0	0.499999999998652	0.663291139240506	0.667454289732771	McGill0012
0	0.428571422832403	0.667454289732771	0.667623066104079	McGill0012
0	0.285714288582114	0.667623066104079	0.667960618846695	McGill0012
0	0.357142845666153	0.667960618846695	0.668129395218003	McGill0012
0	0.285714288582114	0.668129395218003	0.668860759493671	McGill0012
0	0.07142857214536	0.668860759493671	0.673586497890295	McGill0012
0	0.07142857214536	0.678762306610408	0.680506329113924	McGill0012
0	0.142857144291394	0.680506329113924	0.684388185654008	McGill0012
0	0.07142857214536	0.684388185654008	0.686019690576653	McGill0012
0	0.142857144291394	0.691308016877637	0.694177215189873	McGill0012
0	0.214285711415864	0.694177215189873	0.694345991561182	McGill0012
0	0.285714288582114	0.694345991561182	0.695133614627286	McGill0012
0	0.214285711415864	0.695133614627286	0.696933895921238	McGill0012
0	0.142857144291394	0.696933895921238	0.699803094233474	McGill0012
0	0.07142857214536	0.74098452883263	0.743403656821378	McGill0012
0	0.142857144291394	0.743403656821378	0.74379746835443	McGill0012
0	0.214285711415864	0.74379746835443	0.745147679324895	McGill0012
0	0.285714288582114	0.745147679324895	0.745316455696203	McGill0012
0	0.357142845666153	0.745316455696203	0.746554149085795	McGill0012
0	0.285714288582114	0.746554149085795	0.749029535864979	McGill0012
0	0.214285711415864	0.749029535864979	0.749423347398031	McGill0012
0	0.142857144291394	0.749423347398031	0.750379746835443	McGill0012
0	0.214285711415864	0.750379746835443	0.750717299578059	McGill0012
0	0.142857144291394	0.750717299578059	0.750942334739803	McGill0012
0	0.07142857214536	0.750942334739803	0.756005625879044	McGill0012
0	0.142857144291394	0.759099859353024	0.761012658227848	McGill0012
0	0.357142845666153	0.761012658227848	0.764163150492264	McGill0012
0	0.428571422832403	0.764163150492264	0.7642194092827	McGill0012
0	0.499999999998652	0.7642194092827	0.764388185654009	McGill0012
0	0.428571422832403	0.764388185654009	0.764725738396625	McGill0012
0	0.357142845666153	0.764725738396625	0.766188466947961	McGill0012
0	0.571428577164228	0.766188466947961	0.766638537271449	McGill0012
0	0.357142845666153	0.766638537271449	0.769789029535865	McGill0012
0	0.214285711415864	0.769789029535865	0.771814345991561	McGill0012
0	0.07142857214536	0.786497890295359	0.787904360056259	McGill0012
0	0.142857144291394	0.787904360056259	0.792123769338959	McGill0012
0	0.07142857214536	0.792123769338959	0.793473980309423	McGill0012
0	0.07142857214536	0.805119549929677	0.805907172995781	McGill0012
0	0.142857144291394	0.805907172995781	0.807426160337553	McGill0012
0	0.214285711415864	0.807426160337553	0.807988748241913	McGill0012
0	0.285714288582114	0.807988748241913	0.809789029535865	McGill0012
0	0.357142845666153	0.809789029535865	0.810745428973277	McGill0012
0	0.285714288582114	0.810745428973277	0.811533052039381	McGill0012
0	0.214285711415864	0.811533052039381	0.812601969057665	McGill0012
0	0.142857144291394	0.812601969057665	0.812827004219409	McGill0012
0	0.214285711415864	0.812827004219409	0.813502109704641	McGill0012
0	0.142857144291394	0.813502109704641	0.813558368495077	McGill0012
0	0.214285711415864	0.813558368495077	0.81535864978903	McGill0012
0	0.142857144291394	0.81535864978903	0.816315049226442	McGill0012
0	0.07142857214536	0.816315049226442	0.816427566807314	McGill0012
0	0.142857144291394	0.816427566807314	0.816877637130802	McGill0012
0	0.214285711415864	0.816877637130802	0.817665260196906	McGill0012
0	0.142857144291394	0.817665260196906	0.818565400843882	McGill0012
0	0.07142857214536	0.818565400843882	0.822503516174402	McGill0012
0	0.07142857214536	0.823966244725738	0.825935302390999	McGill0012
0	0.142857144291394	0.825935302390999	0.826891701828411	McGill0012
0	0.285714288582114	0.826891701828411	0.827004219409283	McGill0012
0	0.214285711415864	0.827004219409283	0.829592123769339	McGill0012
0	0.285714288582114	0.829592123769339	0.829648382559775	McGill0012
0	0.357142845666153	0.829648382559775	0.830267229254571	McGill0012
0	0.428571422832403	0.830267229254571	0.830886075949367	McGill0012
0	0.499999999998652	0.830886075949367	0.831561181434599	McGill0012
0	0.428571422832403	0.831561181434599	0.832517580872011	McGill0012
0	0.285714288582114	0.832517580872011	0.834992967651196	McGill0012
0	0.214285711415864	0.834992967651196	0.83521800281294	McGill0012
0	0.07142857214536	0.83521800281294	0.835724331926864	McGill0012
0	0.285714288582114	0.835724331926864	0.836511954992968	McGill0012
0	0.214285711415864	0.836511954992968	0.837637130801688	McGill0012
0	0.357142845666153	0.837637130801688	0.837693389592124	McGill0012
0	0.428571422832403	0.837693389592124	0.841350210970464	McGill0012
0	0.214285711415864	0.841350210970464	0.842362869198312	McGill0012
0	0.571428577164228	0.842362869198312	0.842419127988748	McGill0012
0	0.714285691332306	0.842419127988748	0.843263009845288	McGill0012
0	0.499999999998652	0.843263009845288	0.843656821378341	McGill0012
0	0.499999999998652	0.843769338959212	0.846976090014065	McGill0012
0	0.642857154330478	0.846976090014065	0.847594936708861	McGill0012
0	0.714285691332306	0.847594936708861	0.847988748241913	McGill0012
0	0.642857154330478	0.847988748241913	0.848101265822785	McGill0012
0	0.357142845666153	0.848101265822785	0.848157524613221	McGill0012
0	0.214285711415864	0.848157524613221	0.852601969057665	McGill0012
0	0.07142857214536	0.883544303797468	0.886469760900141	McGill0012
0	0.142857144291394	0.886469760900141	0.886638537271449	McGill0012
0	0.214285711415864	0.886638537271449	0.888888888888889	McGill0012
0	0.142857144291394	0.888888888888889	0.889170182841069	McGill0012
0	0.214285711415864	0.889170182841069	0.891870604781997	McGill0012
0	0.142857144291394	0.891870604781997	0.891983122362869	McGill0012
0	0.07142857214536	0.891983122362869	0.894627285513361	McGill0012
0	0.142857144291394	0.894627285513361	0.89479606188467	McGill0012
0	0.07142857214536	0.89479606188467	0.900196905766526	McGill0012
0	0.07142857214536	0.900872011251758	0.906160337552743	McGill0012
0	0.07142857214536	0.923037974683544	0.923713080168776	McGill0012
0	0.142857144291394	0.923713080168776	0.926413502109705	McGill0012
0	0.214285711415864	0.926413502109705	0.928663853727145	McGill0012
0	0.142857144291394	0.928663853727145	0.929282700421941	McGill0012
0	0.07142857214536	0.929282700421941	0.929395218002813	McGill0012
0	0.142857144291394	0.929395218002813	0.931758087201125	McGill0012
0	0.214285711415864	0.931758087201125	0.932039381153305	McGill0012
0	0.142857144291394	0.932039381153305	0.932995780590717	McGill0012
0	0.214285711415864	0.932995780590717	0.93479606188467	McGill0012
0	0.285714288582114	0.93479606188467	0.935021097046413	McGill0012
0	0.214285711415864	0.935021097046413	0.937383966244726	McGill0012
0	0.142857144291394	0.937383966244726	0.937946554149086	McGill0012
0	0.214285711415864	0.937946554149086	0.938002812939522	McGill0012
0	0.285714288582114	0.938002812939522	0.938621659634318	McGill0012
0	0.214285711415864	0.938621659634318	0.939127988748242	McGill0012
0	0.285714288582114	0.939127988748242	0.940028129395218	McGill0012
0	0.357142845666153	0.940028129395218	0.940253164556962	McGill0012
0	0.285714288582114	0.940253164556962	0.94182841068917	McGill0012
0	0.357142845666153	0.94182841068917	0.943572433192686	McGill0012
0	0.285714288582114	0.943572433192686	0.943628691983122	McGill0012
0	0.214285711415864	0.943628691983122	0.943909985935302	McGill0012
0	0.285714288582114	0.943909985935302	0.944753867791843	McGill0012
0	0.214285711415864	0.944753867791843	0.945260196905767	McGill0012
0	0.285714288582114	0.945260196905767	0.945597749648383	McGill0012
0	0.214285711415864	0.945597749648383	0.947454289732771	McGill0012
0	0.142857144291394	0.947454289732771	0.949535864978903	McGill0012
0	0.07142857214536	0.949535864978903	0.950886075949367	McGill0012
0	0.07142857214536	0.964781997187061	0.965457102672292	McGill0012
0	0.142857144291394	0.965457102672292	0.970351617440225	McGill0012
0	0.07142857214536	0.970351617440225	0.970857946554149	McGill0012
0	0.142857144291394	0.970857946554149	0.971026722925457	McGill0012
0	0.07142857214536	0.971026722925457	0.971476793248945	McGill0012
0	0.142857144291394	0.971476793248945	0.972433192686357	McGill0012
0	0.214285711415864	0.972433192686357	0.974177215189873	McGill0012
0	0.285714288582114	0.974177215189873	0.976202531645569	McGill0012
0	0.214285711415864	0.976202531645569	0.976652601969058	McGill0012
0	0.142857144291394	0.976652601969058	0.977215189873418	McGill0012
0	0.214285711415864	0.977215189873418	0.978002812939522	McGill0012
0	0.142857144291394	0.978002812939522	0.978509142053446	McGill0012
0	0.214285711415864	0.978509142053446	0.979746835443038	McGill0012
0	0.285714288582114	0.979746835443038	0.979803094233474	McGill0012
0	0.214285711415864	0.979803094233474	0.98267229254571	McGill0012
0	0.285714288582114	0.98267229254571	0.982841068917018	McGill0012
0	0.357142845666153	0.982841068917018	0.984135021097046	McGill0012
0	0.285714288582114	0.984135021097046	0.985316455696202	McGill0012
0	0.214285711415864	0.985316455696202	0.987510548523207	McGill0012
0	0.142857144291394	0.987510548523207	0.988129395218003	McGill0012
0	0.07142857214536	0.988129395218003	0.988466947960619	McGill0012
0	0.07142857214536	0.992461322081575	0.99465541490858	McGill0012
0	0.285714288582114	0.99465541490858	0.995274261603375	McGill0012
0	0.357142845666153	0.995274261603375	0.995443037974684	McGill0012
0	0.499999999998652	0.995443037974684	0.99662447257384	McGill0012
0	0.571428577164228	0.99662447257384	0.996680731364276	McGill0012
0	0.642857154330478	0.996680731364276	0.998087201125176	McGill0012
0	0.571428577164228	0.998087201125176	0.998368495077356	McGill0012
0	0.642857154330478	0.998368495077356	0.998424753867792	McGill0012
0	0.785714308660956	0.998424753867792	0.99943741209564	McGill0012
0	1	0.99943741209564	0.999493670886076	McGill0012
0	0.250000000000222	0.00168776371308017	0.00247538677918425	McGill0013
0	0.187500000000166	0.00247538677918425	0.00416315049226442	McGill0013
0	0.125000000000111	0.00416315049226442	0.00461322081575246	McGill0013
0	0.0625000000000555	0.00461322081575246	0.00731364275668073	McGill0013
0	0.125000000000111	0.0271167369901547	0.030098452883263	McGill0013
0	0.187500000000166	0.030098452883263	0.030154711673699	McGill0013
0	0.250000000000222	0.030154711673699	0.0326863572433193	McGill0013
0	0.187500000000166	0.0326863572433193	0.0327426160337553	McGill0013
0	0.125000000000111	0.0327426160337553	0.0357243319268636	McGill0013
0	0.0625000000000555	0.0489451476793249	0.0536146272855134	McGill0013
0	0.125000000000111	0.0536146272855134	0.0545147679324895	McGill0013
0	0.0625000000000555	0.0545147679324895	0.0588466947960619	McGill0013
0	0.0625000000000555	0.0973839662447257	0.0982278481012658	McGill0013
0	0.125000000000111	0.0982278481012658	0.103009845288326	McGill0013
0	0.0625000000000555	0.103009845288326	0.103853727144866	McGill0013
0	0.125000000000111	0.10464135021097	0.105822784810127	McGill0013
0	0.187500000000166	0.105822784810127	0.105879043600563	McGill0013
0	0.250000000000222	0.105879043600563	0.110210970464135	McGill0013
0	0.187500000000166	0.110210970464135	0.110267229254571	McGill0013
0	0.125000000000111	0.110267229254571	0.111392405063291	McGill0013
0	0.0625000000000555	0.117637130801688	0.117805907172996	McGill0013
0	0.125000000000111	0.117805907172996	0.118706047819972	McGill0013
0	0.187500000000166	0.118706047819972	0.121744022503516	McGill0013
0	0.250000000000222	0.121744022503516	0.123263009845288	McGill0013
0	0.187500000000166	0.123263009845288	0.12337552742616	McGill0013
0	0.125000000000111	0.12337552742616	0.123994374120956	McGill0013
0	0.0625000000000555	0.123994374120956	0.124388185654008	McGill0013
0	0.125000000000111	0.124388185654008	0.127369901547117	McGill0013
0	0.0625000000000555	0.127369901547117	0.130014064697609	McGill0013
0	0.0625000000000555	0.164163150492264	0.168326300984529	McGill0013
0	0.125000000000111	0.168326300984529	0.169732770745429	McGill0013
0	0.0625000000000555	0.169732770745429	0.173952180028129	McGill0013
0	0.0625000000000555	0.174964838255978	0.17873417721519	McGill0013
0	0.125000000000111	0.17873417721519	0.180534458509142	McGill0013
0	0.0625000000000555	0.180534458509142	0.183684950773558	McGill0013
0	0.187500000000166	0.183684950773558	0.184247538677918	McGill0013
0	0.125000000000111	0.184247538677918	0.187454289732771	McGill0013
0	0.187500000000166	0.187454289732771	0.187566807313643	McGill0013
0	0.250000000000222	0.187566807313643	0.189310829817159	McGill0013
0	0.125000000000111	0.189310829817159	0.192798874824191	McGill0013
0	0.0625000000000555	0.206919831223629	0.207651195499297	McGill0013
0	0.125000000000111	0.207651195499297	0.212489451476793	McGill0013
0	0.0625000000000555	0.212489451476793	0.213220815752461	McGill0013
0	0.0625000000000555	0.227454289732771	0.229648382559775	McGill0013
0	0.187500000000166	0.229648382559775	0.230379746835443	McGill0013
0	0.250000000000222	0.230379746835443	0.230604781997187	McGill0013
0	0.562499999999168	0.230604781997187	0.230773558368495	McGill0013
0	0.625000000000555	0.230773558368495	0.230829817158931	McGill0013
0	0.937500000003052	0.230829817158931	0.230942334739803	McGill0013
0	1	0.230942334739803	0.232967651195499	McGill0013
0	0.937500000003052	0.232967651195499	0.23521800281294	McGill0013
0	0.875000000001665	0.23521800281294	0.235274261603376	McGill0013
0	0.812500000000278	0.235274261603376	0.235949367088608	McGill0013
0	0.74999999999889	0.235949367088608	0.236174402250352	McGill0013
0	0.687500000001942	0.236174402250352	0.236230661040788	McGill0013
0	0.437500000000388	0.236230661040788	0.23634317862166	McGill0013
0	0.312500000000277	0.23634317862166	0.236399437412096	McGill0013
0	0.0625000000000555	0.239324894514768	0.24253164556962	McGill0013
0	0.125000000000111	0.24253164556962	0.24393811533052	McGill0013
0	0.0625000000000555	0.24393811533052	0.244556962025316	McGill0013
0	0.125000000000111	0.244556962025316	0.244950773558369	McGill0013
0	0.187500000000166	0.244950773558369	0.248157524613221	McGill0013
0	0.125000000000111	0.248157524613221	0.249451476793249	McGill0013
0	0.0625000000000555	0.249451476793249	0.249845288326301	McGill0013
0	0.0625000000000555	0.322419127988748	0.3242194092827	McGill0013
0	0.125000000000111	0.3242194092827	0.327819971870605	McGill0013
0	0.0625000000000555	0.327819971870605	0.329057665260197	McGill0013
0	0.0625000000000555	0.373558368495077	0.377834036568214	McGill0013
0	0.125000000000111	0.377834036568214	0.378565400843882	McGill0013
0	0.0625000000000555	0.378565400843882	0.383122362869198	McGill0013
0	0.0625000000000555	0.393811533052039	0.394149085794655	McGill0013
0	0.125000000000111	0.394149085794655	0.39943741209564	McGill0013
0	0.0625000000000555	0.39943741209564	0.399774964838256	McGill0013
0	0.0625000000000555	0.452433192686357	0.45479606188467	McGill0013
0	0.125000000000111	0.45479606188467	0.458059071729958	McGill0013
0	0.0625000000000555	0.458059071729958	0.458115330520394	McGill0013
0	0.125000000000111	0.458115330520394	0.458284106891702	McGill0013
0	0.250000000000222	0.458284106891702	0.458340365682138	McGill0013
0	0.312500000000277	0.458340365682138	0.46042194092827	McGill0013
0	0.250000000000222	0.46042194092827	0.463684950773558	McGill0013
0	0.125000000000111	0.463684950773558	0.46379746835443	McGill0013
0	0.0625000000000555	0.46379746835443	0.463853727144866	McGill0013
0	0.0625000000000555	0.50154711673699	0.505147679324895	McGill0013
0	0.125000000000111	0.505147679324895	0.505428973277075	McGill0013
0	0.187500000000166	0.505428973277075	0.507116736990155	McGill0013
0	0.125000000000111	0.507116736990155	0.507623066104079	McGill0013
0	0.375000000000333	0.507623066104079	0.508748241912799	McGill0013
0	0.625000000000555	0.508748241912799	0.509029535864979	McGill0013
0	0.687500000001942	0.509029535864979	0.510717299578059	McGill0013
0	0.625000000000555	0.510717299578059	0.511054852320675	McGill0013
0	0.562499999999168	0.511054852320675	0.513023909985935	McGill0013
0	0.50000000000222	0.513023909985935	0.513080168776371	McGill0013
0	0.437500000000388	0.513080168776371	0.513136427566807	McGill0013
0	0.375000000000333	0.513136427566807	0.513192686357243	McGill0013
0	0.312500000000277	0.513192686357243	0.5143741209564	McGill0013
0	0.0625000000000555	0.5143741209564	0.514655414908579	McGill0013
0	0.0625000000000555	0.546329113924051	0.550998593530239	McGill0013
0	0.125000000000111	0.550998593530239	0.551786216596343	McGill0013
0	0.0625000000000555	0.551786216596343	0.553473980309423	McGill0013
0	0.125000000000111	0.553473980309423	0.556174402250352	McGill0013
0	0.187500000000166	0.556174402250352	0.55662447257384	McGill0013
0	0.125000000000111	0.55662447257384	0.558931082981716	McGill0013
0	0.0625000000000555	0.558931082981716	0.561800281293952	McGill0013
0	0.0625000000000555	0.583291139240506	0.587341772151899	McGill0013
0	0.125000000000111	0.587341772151899	0.588860759493671	McGill0013
0	0.0625000000000555	0.588860759493671	0.592742616033755	McGill0013
0	0.0625000000000555	0.613164556962025	0.613783403656821	McGill0013
0	0.125000000000111	0.613783403656821	0.614739803094234	McGill0013
0	0.187500000000166	0.614739803094234	0.61535864978903	McGill0013
0	0.250000000000222	0.61535864978903	0.61845288326301	McGill0013
0	0.187500000000166	0.61845288326301	0.61929676511955	McGill0013
0	0.125000000000111	0.61929676511955	0.62014064697609	McGill0013
0	0.0625000000000555	0.62014064697609	0.620478199718706	McGill0013
0	0.125000000000111	0.643150492264416	0.644163150492265	McGill0013
0	0.187500000000166	0.644163150492265	0.644275668073136	McGill0013
0	0.250000000000222	0.644275668073136	0.648438818565401	McGill0013
0	0.187500000000166	0.648438818565401	0.648776371308017	McGill0013
0	0.125000000000111	0.648776371308017	0.649789029535865	McGill0013
0	0.0625000000000555	0.675274261603376	0.678481012658228	McGill0013
0	0.125000000000111	0.678481012658228	0.683825597749648	McGill0013
0	0.0625000000000555	0.683825597749648	0.68393811533052	McGill0013
0	0.125000000000111	0.68393811533052	0.686526019690577	McGill0013
0	0.0625000000000555	0.686526019690577	0.689507735583685	McGill0013
0	0.187500000000166	0.691139240506329	0.692433192686357	McGill0013
0	0.250000000000222	0.692433192686357	0.692489451476793	McGill0013
0	0.312500000000277	0.692489451476793	0.692658227848101	McGill0013
0	0.375000000000333	0.692658227848101	0.696708860759494	McGill0013
0	0.187500000000166	0.696708860759494	0.69789029535865	McGill0013
0	0.250000000000222	0.69789029535865	0.698059071729958	McGill0013
0	0.0625000000000555	0.698059071729958	0.698677918424754	McGill0013
0	0.125000000000111	0.698677918424754	0.701434599156118	McGill0013
0	0.250000000000222	0.701434599156118	0.702053445850914	McGill0013
0	0.187500000000166	0.702053445850914	0.703178621659634	McGill0013
0	0.250000000000222	0.703178621659634	0.703347398030942	McGill0013
0	0.312500000000277	0.703347398030942	0.704303797468355	McGill0013
0	0.250000000000222	0.704303797468355	0.707004219409283	McGill0013
0	0.125000000000111	0.707004219409283	0.708635724331927	McGill0013
0	0.0625000000000555	0.716793248945148	0.72112517580872	McGill0013
0	0.125000000000111	0.72112517580872	0.722419127988748	McGill0013
0	0.0625000000000555	0.722419127988748	0.725232067510549	McGill0013
0	0.125000000000111	0.725232067510549	0.726751054852321	McGill0013
0	0.0625000000000555	0.726751054852321	0.727538677918425	McGill0013
0	0.125000000000111	0.727538677918425	0.729732770745429	McGill0013
0	0.0625000000000555	0.729732770745429	0.733108298171589	McGill0013
0	0.0625000000000555	0.733220815752461	0.737440225035162	McGill0013
0	0.125000000000111	0.737440225035162	0.738846694796062	McGill0013
0	0.0625000000000555	0.738846694796062	0.743009845288326	McGill0013
0	0.125000000000111	0.789367088607595	0.794092827004219	McGill0013
0	0.187500000000166	0.794092827004219	0.794542897327708	McGill0013
0	0.250000000000222	0.794542897327708	0.794824191279887	McGill0013
0	0.187500000000166	0.794824191279887	0.794992967651196	McGill0013
0	0.125000000000111	0.794992967651196	0.799662447257384	McGill0013
0	0.125000000000111	0.806976090014065	0.807594936708861	McGill0013
0	0.187500000000166	0.807594936708861	0.807763713080169	McGill0013
0	0.250000000000222	0.807763713080169	0.811983122362869	McGill0013
0	0.187500000000166	0.811983122362869	0.812601969057665	McGill0013
0	0.125000000000111	0.812601969057665	0.813164556962025	McGill0013
0	0.125000000000111	0.817496483825598	0.818284106891702	McGill0013
0	0.187500000000166	0.818284106891702	0.818340365682138	McGill0013
0	0.250000000000222	0.818340365682138	0.822897327707454	McGill0013
0	0.187500000000166	0.822897327707454	0.823009845288326	McGill0013
0	0.125000000000111	0.823009845288326	0.823909985935302	McGill0013
0	0.125000000000111	0.844050632911392	0.844725738396624	McGill0013
0	0.187500000000166	0.844725738396624	0.846413502109705	McGill0013
0	0.250000000000222	0.846413502109705	0.846863572433193	McGill0013
0	0.312500000000277	0.846863572433193	0.849226441631505	McGill0013
0	0.250000000000222	0.849226441631505	0.849620253164557	McGill0013
0	0.125000000000111	0.849620253164557	0.852039381153305	McGill0013
0	0.0625000000000555	0.868185654008439	0.872236286919831	McGill0013
0	0.125000000000111	0.872236286919831	0.872517580872011	McGill0013
0	0.187500000000166	0.872517580872011	0.873473980309423	McGill0013
0	0.125000000000111	0.873473980309423	0.873642756680731	McGill0013
0	0.187500000000166	0.873642756680731	0.877130801687764	McGill0013
0	0.312500000000277	0.877130801687764	0.877805907172996	McGill0013
0	0.437500000000388	0.877805907172996	0.877862165963432	McGill0013
0	0.375000000000333	0.877862165963432	0.878143459915612	McGill0013
0	0.312500000000277	0.878143459915612	0.879212376933896	McGill0013
0	0.250000000000222	0.879212376933896	0.882700421940928	McGill0013
0	0.187500000000166	0.882700421940928	0.882756680731364	McGill0013
0	0.125000000000111	0.882756680731364	0.883319268635724	McGill0013
0	0.0625000000000555	0.891308016877637	0.891645569620253	McGill0013
0	0.125000000000111	0.891645569620253	0.896540084388186	McGill0013
0	0.187500000000166	0.896540084388186	0.896877637130802	McGill0013
0	0.125000000000111	0.896877637130802	0.897215189873418	McGill0013
0	0.0625000000000555	0.897215189873418	0.900084388185654	McGill0013
0	0.125000000000111	0.900084388185654	0.901659634317862	McGill0013
0	0.0625000000000555	0.901659634317862	0.903628691983122	McGill0013
0	0.250000000000222	0.903628691983122	0.905654008438819	McGill0013
0	0.187500000000166	0.905654008438819	0.906666666666667	McGill0013
0	0.250000000000222	0.906666666666667	0.907116736990155	McGill0013
0	0.375000000000333	0.907116736990155	0.907510548523207	McGill0013
0	0.312500000000277	0.907510548523207	0.907735583684951	McGill0013
0	0.437500000000388	0.907735583684951	0.908298171589311	McGill0013
0	0.50000000000222	0.908298171589311	0.909198312236287	McGill0013
0	0.562499999999168	0.909198312236287	0.909254571026723	McGill0013
0	0.437500000000388	0.909254571026723	0.912461322081575	McGill0013
0	0.375000000000333	0.912461322081575	0.912742616033755	McGill0013
0	0.187500000000166	0.912742616033755	0.912798874824191	McGill0013
0	0.250000000000222	0.912798874824191	0.912967651195499	McGill0013
0	0.187500000000166	0.912967651195499	0.914711673699015	McGill0013
0	0.125000000000111	0.914711673699015	0.917693389592124	McGill0013
0	0.0625000000000555	0.91774964838256	0.918255977496484	McGill0013
0	0.125000000000111	0.918255977496484	0.923319268635724	McGill0013
0	0.0625000000000555	0.923319268635724	0.923881856540084	McGill0013
0	0.125000000000111	0.938565400843882	0.942447257383966	McGill0013
0	0.187500000000166	0.942447257383966	0.942897327707454	McGill0013
0	0.250000000000222	0.942897327707454	0.944135021097046	McGill0013
0	0.187500000000166	0.944135021097046	0.945428973277074	McGill0013
0	0.250000000000222	0.945428973277074	0.945654008438819	McGill0013
0	0.375000000000333	0.945654008438819	0.948016877637131	McGill0013
0	0.250000000000222	0.948016877637131	0.948354430379747	McGill0013
0	0.187500000000166	0.948354430379747	0.948579465541491	McGill0013
0	0.312500000000277	0.948579465541491	0.950998593530239	McGill0013
0	0.250000000000222	0.950998593530239	0.951279887482419	McGill0013
0	0.125000000000111	0.951279887482419	0.954149085794655	McGill0013
0	0.0625000000000555	0.972770745428973	0.974964838255977	McGill0013
0	0.125000000000111	0.974964838255977	0.978227848101266	McGill0013
0	0.0625000000000555	0.978227848101266	0.980478199718706	McGill0013
0	0.0625000000000555	0.983403656821378	0.987116736990155	McGill0013
0	0.125000000000111	0.987116736990155	0.988973277074543	McGill0013
0	0.0625000000000555	0.988973277074543	0.990773558368495	McGill0013
0	0.125000000000111	0.990773558368495	0.992686357243319	McGill0013
0	0.0625000000000555	0.992686357243319	0.994317862165963	McGill0013
0	0.125000000000111	0.994317862165963	0.996399437412096	McGill0013
0	0.0625000000000555	0.996399437412096	0.999774964838256	McGill0013
0	0.0625000000000557	0.00382559774964838	0.00416315049226442	McGill0014
0	0.0625000000000557	0.0193530239099859	0.019634317862166	McGill0014
0	0.124999999999666	0.019634317862166	0.0249789029535865	McGill0014
0	0.0625000000000557	0.0249789029535865	0.0252601969057665	McGill0014
0	0.187499993356979	0.0385935302390999	0.0419127988748242	McGill0014
0	0.312499980070714	0.0419127988748242	0.0424753867791843	McGill0014
0	0.249999999999331	0.0424753867791843	0.0437130801687764	McGill0014
0	0.312499980070714	0.0437130801687764	0.0442194092827004	McGill0014
0	0.187499993356979	0.0442194092827004	0.0443319268635724	McGill0014
0	0.249999999999331	0.0443319268635724	0.0468073136427567	McGill0014
0	0.312499980070714	0.0468073136427567	0.0475386779184248	McGill0014
0	0.124999999999666	0.0475386779184248	0.0493389592123769	McGill0014
0	0.0625000000000557	0.0493389592123769	0.0510829817158931	McGill0014
0	0.124999999999666	0.0510829817158931	0.0523769338959212	McGill0014
0	0.0625000000000557	0.0523769338959212	0.0542334739803094	McGill0014
0	0.124999999999666	0.0542334739803094	0.0547398030942335	McGill0014
0	0.187499993356979	0.0547398030942335	0.0560900140646976	McGill0014
0	0.249999999999331	0.0560900140646976	0.0563713080168776	McGill0014
0	0.312499980070714	0.0563713080168776	0.0565963431786217	McGill0014
0	0.249999999999331	0.0565963431786217	0.05985935302391	McGill0014
0	0.187499993356979	0.05985935302391	0.060309423347398	McGill0014
0	0.124999999999666	0.060309423347398	0.060365682137834	McGill0014
0	0.187499993356979	0.060365682137834	0.0616033755274262	McGill0014
0	0.249999999999331	0.0616033755274262	0.0617158931082982	McGill0014
0	0.187499993356979	0.0617158931082982	0.0619971870604782	McGill0014
0	0.124999999999666	0.0619971870604782	0.0636849507735584	McGill0014
0	0.187499993356979	0.0636849507735584	0.0659915611814346	McGill0014
0	0.124999999999666	0.0659915611814346	0.0672292545710267	McGill0014
0	0.0625000000000557	0.0672292545710267	0.0677355836849508	McGill0014
0	0.124999999999666	0.0677355836849508	0.0692545710267229	McGill0014
0	0.0625000000000557	0.0692545710267229	0.0719549929676512	McGill0014
0	0.124999999999666	0.0719549929676512	0.0731364275668073	McGill0014
0	0.187499993356979	0.0731364275668073	0.0732489451476793	McGill0014
0	0.249999999999331	0.0732489451476793	0.0733614627285513	McGill0014
0	0.187499993356979	0.0733614627285513	0.0759493670886076	McGill0014
0	0.312499980070714	0.0759493670886076	0.0775808720112518	McGill0014
0	0.249999999999331	0.0775808720112518	0.0787623066104079	McGill0014
0	0.187499993356979	0.0787623066104079	0.0788748241912799	McGill0014
0	0.124999999999666	0.0788748241912799	0.0806188466947961	McGill0014
0	0.187499993356979	0.0806188466947961	0.0807313642756681	McGill0014
0	0.249999999999331	0.0807313642756681	0.0815752461322082	McGill0014
0	0.124999999999666	0.0815752461322082	0.0830379746835443	McGill0014
0	0.187499993356979	0.0830379746835443	0.0845569620253165	McGill0014
0	0.249999999999331	0.0845569620253165	0.0862447257383966	McGill0014
0	0.124999999999666	0.0862447257383966	0.0886638537271449	McGill0014
0	0.0625000000000557	0.0886638537271449	0.090182841068917	McGill0014
0	0.0625000000000557	0.0953586497890295	0.0963150492264416	McGill0014
0	0.124999999999666	0.0963150492264416	0.10098452883263	McGill0014
0	0.0625000000000557	0.10098452883263	0.101940928270042	McGill0014
0	0.312499980070714	0.10379746835443	0.105935302390999	McGill0014
0	0.62499996014232	0.105935302390999	0.106779184247539	McGill0014
0	0.687499966783781	0.106779184247539	0.109310829817159	McGill0014
0	0.56250000664369	0.109310829817159	0.109367088607595	McGill0014
0	0.499999999997771	0.109367088607595	0.109423347398031	McGill0014
0	0.374999986713512	0.109423347398031	0.109479606188467	McGill0014
0	0.43749999335631	0.109479606188467	0.111561181434599	McGill0014
0	0.124999999999666	0.111561181434599	0.112292545710267	McGill0014
0	0.0625000000000557	0.112292545710267	0.114767932489451	McGill0014
0	0.0625000000000557	0.121237693389592	0.121575246132208	McGill0014
0	0.124999999999666	0.121575246132208	0.125850914205345	McGill0014
0	0.187499993356979	0.125850914205345	0.126863572433193	McGill0014
0	0.124999999999666	0.126863572433193	0.127201125175809	McGill0014
0	0.0625000000000557	0.127201125175809	0.129563994374121	McGill0014
0	0.124999999999666	0.129563994374121	0.131476793248945	McGill0014
0	0.0625000000000557	0.131476793248945	0.131983122362869	McGill0014
0	0.124999999999666	0.131983122362869	0.135133614627286	McGill0014
0	0.0625000000000557	0.135133614627286	0.141772151898734	McGill0014
0	0.0625000000000557	0.141884669479606	0.145372714486639	McGill0014
0	0.124999999999666	0.145372714486639	0.147510548523207	McGill0014
0	0.0625000000000557	0.147510548523207	0.150998593530239	McGill0014
0	0.0625000000000557	0.162194092827004	0.167651195499297	McGill0014
0	0.124999999999666	0.167651195499297	0.167819971870605	McGill0014
0	0.0625000000000557	0.167819971870605	0.170914205344585	McGill0014
0	0.124999999999666	0.170914205344585	0.171983122362869	McGill0014
0	0.249999999999331	0.171983122362869	0.173277074542897	McGill0014
0	0.187499993356979	0.173277074542897	0.174402250351617	McGill0014
0	0.124999999999666	0.174402250351617	0.174796061884669	McGill0014
0	0.187499993356979	0.174796061884669	0.175977496483826	McGill0014
0	0.249999999999331	0.175977496483826	0.176090014064698	McGill0014
0	0.312499980070714	0.176090014064698	0.176540084388186	McGill0014
0	0.249999999999331	0.176540084388186	0.17732770745429	McGill0014
0	0.187499993356979	0.17732770745429	0.18042194092827	McGill0014
0	0.124999999999666	0.18042194092827	0.181603375527426	McGill0014
0	0.0625000000000557	0.206526019690577	0.208832630098453	McGill0014
0	0.124999999999666	0.208832630098453	0.212151898734177	McGill0014
0	0.0625000000000557	0.212151898734177	0.212433192686357	McGill0014
0	0.187499993356979	0.212433192686357	0.212770745428973	McGill0014
0	0.249999999999331	0.212770745428973	0.212939521800281	McGill0014
0	0.312499980070714	0.212939521800281	0.214120956399437	McGill0014
0	0.43749999335631	0.214120956399437	0.214458509142053	McGill0014
0	0.374999986713512	0.214458509142053	0.218002812939522	McGill0014
0	0.312499980070714	0.218002812939522	0.218059071729958	McGill0014
0	0.249999999999331	0.218059071729958	0.218340365682138	McGill0014
0	0.187499993356979	0.218340365682138	0.218509142053446	McGill0014
0	0.124999999999666	0.218509142053446	0.219746835443038	McGill0014
0	0.124999999999666	0.228860759493671	0.232348804500703	McGill0014
0	0.249999999999331	0.232348804500703	0.234374120956399	McGill0014
0	0.124999999999666	0.234374120956399	0.235611814345992	McGill0014
0	0.249999999999331	0.235611814345992	0.237974683544304	McGill0014
0	0.124999999999666	0.237974683544304	0.238987341772152	McGill0014
0	0.187499993356979	0.238987341772152	0.239043600562588	McGill0014
0	0.249999999999331	0.239043600562588	0.24112517580872	McGill0014
0	0.187499993356979	0.24112517580872	0.241181434599156	McGill0014
0	0.124999999999666	0.241181434599156	0.241518987341772	McGill0014
0	0.249999999999331	0.241518987341772	0.24196905766526	McGill0014
0	0.312499980070714	0.24196905766526	0.242025316455696	McGill0014
0	0.374999986713512	0.242025316455696	0.244556962025316	McGill0014
0	0.249999999999331	0.244556962025316	0.246863572433193	McGill0014
0	0.187499993356979	0.246863572433193	0.247144866385373	McGill0014
0	0.124999999999666	0.247144866385373	0.247594936708861	McGill0014
0	0.0625000000000557	0.248382559774965	0.249620253164557	McGill0014
0	0.124999999999666	0.249620253164557	0.252376933895921	McGill0014
0	0.187499993356979	0.252376933895921	0.253839662447257	McGill0014
0	0.249999999999331	0.253839662447257	0.254008438818565	McGill0014
0	0.187499993356979	0.254008438818565	0.254908579465542	McGill0014
0	0.124999999999666	0.254908579465542	0.256427566807314	McGill0014
0	0.249999999999331	0.256427566807314	0.257946554149086	McGill0014
0	0.187499993356979	0.257946554149086	0.258227848101266	McGill0014
0	0.312499980070714	0.258227848101266	0.259465541490858	McGill0014
0	0.249999999999331	0.259465541490858	0.262053445850914	McGill0014
0	0.124999999999666	0.262053445850914	0.263853727144866	McGill0014
0	0.0625000000000557	0.266835443037975	0.270492264416315	McGill0014
0	0.124999999999666	0.270492264416315	0.272461322081575	McGill0014
0	0.0625000000000557	0.272461322081575	0.27549929676512	McGill0014
0	0.249999999999331	0.27549929676512	0.27606188466948	McGill0014
0	0.187499993356979	0.27606188466948	0.278818565400844	McGill0014
0	0.124999999999666	0.278818565400844	0.279324894514768	McGill0014
0	0.0625000000000557	0.279324894514768	0.279381153305204	McGill0014
0	0.187499993356979	0.279887482419128	0.285457102672293	McGill0014
0	0.187499993356979	0.314261603375527	0.31915611814346	McGill0014
0	0.374999986713512	0.31915611814346	0.319774964838256	McGill0014
0	0.249999999999331	0.319774964838256	0.319831223628692	McGill0014
0	0.187499993356979	0.319831223628692	0.32478199718706	McGill0014
0	0.124999999999666	0.329282700421941	0.334177215189873	McGill0014
0	0.249999999999331	0.334177215189873	0.334908579465542	McGill0014
0	0.124999999999666	0.334908579465542	0.339690576652602	McGill0014
0	0.124999999999666	0.343459915611814	0.344135021097046	McGill0014
0	0.187499993356979	0.344135021097046	0.344472573839663	McGill0014
0	0.249999999999331	0.344472573839663	0.347623066104079	McGill0014
0	0.187499993356979	0.347623066104079	0.349085794655415	McGill0014
0	0.124999999999666	0.349085794655415	0.349704641350211	McGill0014
0	0.0625000000000557	0.351054852320675	0.352461322081575	McGill0014
0	0.249999999999331	0.352461322081575	0.353417721518987	McGill0014
0	0.312499980070714	0.353417721518987	0.353530239099859	McGill0014
0	0.374999986713512	0.353530239099859	0.353642756680731	McGill0014
0	0.43749999335631	0.353642756680731	0.354542897327707	McGill0014
0	0.499999999997771	0.354542897327707	0.356511954992968	McGill0014
0	0.43749999335631	0.356511954992968	0.357974683544304	McGill0014
0	0.374999986713512	0.357974683544304	0.35803094233474	McGill0014
0	0.312499980070714	0.35803094233474	0.358087201125176	McGill0014
0	0.249999999999331	0.358087201125176	0.359043600562588	McGill0014
0	0.0625000000000557	0.359043600562588	0.360168776371308	McGill0014
0	0.0625000000000557	0.371758087201125	0.373445850914205	McGill0014
0	0.124999999999666	0.373445850914205	0.377158931082982	McGill0014
0	0.0625000000000557	0.377158931082982	0.378790436005626	McGill0014
0	0.124999999999666	0.378790436005626	0.378846694796062	McGill0014
0	0.187499993356979	0.378846694796062	0.37901547116737	McGill0014
0	0.124999999999666	0.37901547116737	0.384247538677918	McGill0014
0	0.0625000000000557	0.384247538677918	0.384472573839662	McGill0014
0	0.0625000000000557	0.387116736990155	0.388241912798875	McGill0014
0	0.124999999999666	0.388241912798875	0.392292545710267	McGill0014
0	0.0625000000000557	0.392292545710267	0.393586497890295	McGill0014
0	0.0625000000000557	0.397243319268636	0.401181434599156	McGill0014
0	0.124999999999666	0.401181434599156	0.402869198312236	McGill0014
0	0.0625000000000557	0.402869198312236	0.406807313642757	McGill0014
0	0.0625000000000557	0.411139240506329	0.415808720112518	McGill0014
0	0.124999999999666	0.415808720112518	0.41676511954993	McGill0014
0	0.0625000000000557	0.41676511954993	0.416990154711674	McGill0014
0	0.124999999999666	0.416990154711674	0.418565400843882	McGill0014
0	0.187499993356979	0.418565400843882	0.421378340365682	McGill0014
0	0.124999999999666	0.421378340365682	0.422559774964838	McGill0014
0	0.0625000000000557	0.422559774964838	0.424191279887482	McGill0014
0	0.312499980070714	0.424247538677918	0.425147679324895	McGill0014
0	0.499999999997771	0.425147679324895	0.425203938115331	McGill0014
0	0.62499996014232	0.425203938115331	0.427229254571027	McGill0014
0	0.56250000664369	0.427229254571027	0.429817158931083	McGill0014
0	0.43749999335631	0.429817158931083	0.429873417721519	McGill0014
0	0.312499980070714	0.429873417721519	0.430773558368495	McGill0014
0	0.0625000000000557	0.430773558368495	0.430942334739803	McGill0014
0	0.124999999999666	0.430942334739803	0.431504922644163	McGill0014
0	0.249999999999331	0.431504922644163	0.43634317862166	McGill0014
0	0.187499993356979	0.43634317862166	0.436511954992968	McGill0014
0	0.124999999999666	0.436511954992968	0.436568213783404	McGill0014
0	0.187499993356979	0.436568213783404	0.437018284106892	McGill0014
0	0.124999999999666	0.437018284106892	0.437074542897328	McGill0014
0	0.0625000000000557	0.437074542897328	0.437355836849508	McGill0014
0	0.124999999999666	0.437355836849508	0.437412095639944	McGill0014
0	0.187499993356979	0.437412095639944	0.440056258790436	McGill0014
0	0.249999999999331	0.440056258790436	0.442194092827004	McGill0014
0	0.187499993356979	0.442194092827004	0.442981715893108	McGill0014
0	0.0625000000000557	0.442981715893108	0.443263009845288	McGill0014
0	0.124999999999666	0.443263009845288	0.443544303797468	McGill0014
0	0.187499993356979	0.443544303797468	0.445682137834037	McGill0014
0	0.124999999999666	0.445682137834037	0.448888888888889	McGill0014
0	0.0625000000000557	0.448888888888889	0.449170182841069	McGill0014
0	0.124999999999666	0.474092827004219	0.477355836849508	McGill0014
0	0.187499993356979	0.477355836849508	0.477412095639944	McGill0014
0	0.249999999999331	0.477412095639944	0.479606188466948	McGill0014
0	0.187499993356979	0.479606188466948	0.479662447257384	McGill0014
0	0.124999999999666	0.479662447257384	0.482981715893108	McGill0014
0	0.0625000000000557	0.484781997187061	0.485457102672293	McGill0014
0	0.124999999999666	0.485457102672293	0.490407876230661	McGill0014
0	0.0625000000000557	0.490407876230661	0.491082981715893	McGill0014
0	0.124999999999666	0.500534458509142	0.503628691983122	McGill0014
0	0.187499993356979	0.503628691983122	0.503853727144866	McGill0014
0	0.249999999999331	0.503853727144866	0.504360056258791	McGill0014
0	0.374999986713512	0.504360056258791	0.505260196905767	McGill0014
0	0.43749999335631	0.505260196905767	0.505428973277075	McGill0014
0	0.499999999997771	0.505428973277075	0.506047819971871	McGill0014
0	0.43749999335631	0.506047819971871	0.506160337552743	McGill0014
0	0.374999986713512	0.506160337552743	0.507341772151899	McGill0014
0	0.56250000664369	0.507341772151899	0.509254571026723	McGill0014
0	0.43749999335631	0.509254571026723	0.509648382559775	McGill0014
0	0.62499996014232	0.509648382559775	0.509929676511955	McGill0014
0	0.499999999997771	0.509929676511955	0.510886075949367	McGill0014
0	0.374999986713512	0.510886075949367	0.512855133614627	McGill0014
0	0.187499993356979	0.512855133614627	0.515274261603376	McGill0014
0	0.124999999999666	0.518481012658228	0.52365682137834	McGill0014
0	0.187499993356979	0.52365682137834	0.523713080168776	McGill0014
0	0.249999999999331	0.523713080168776	0.523825597749648	McGill0014
0	0.187499993356979	0.523825597749648	0.524106891701829	McGill0014
0	0.124999999999666	0.524106891701829	0.529282700421941	McGill0014
0	0.124999999999666	0.544135021097046	0.549704641350211	McGill0014
0	0.0625000000000557	0.549704641350211	0.549760900140647	McGill0014
0	0.0625000000000557	0.549929676511955	0.549985935302391	McGill0014
0	0.124999999999666	0.549985935302391	0.555555555555556	McGill0014
0	0.0625000000000557	0.560337552742616	0.561012658227848	McGill0014
0	0.124999999999666	0.561012658227848	0.561800281293952	McGill0014
0	0.187499993356979	0.561800281293952	0.564725738396624	McGill0014
0	0.249999999999331	0.564725738396624	0.565794655414909	McGill0014
0	0.374999986713512	0.565794655414909	0.565963431786217	McGill0014
0	0.312499980070714	0.565963431786217	0.566638537271449	McGill0014
0	0.249999999999331	0.566638537271449	0.567426160337553	McGill0014
0	0.187499993356979	0.567426160337553	0.569001406469761	McGill0014
0	0.312499980070714	0.569001406469761	0.570126582278481	McGill0014
0	0.249999999999331	0.570126582278481	0.571251758087201	McGill0014
0	0.187499993356979	0.571251758087201	0.571364275668073	McGill0014
0	0.124999999999666	0.571364275668073	0.574627285513362	McGill0014
0	0.124999999999666	0.58014064697609	0.58436005625879	McGill0014
0	0.249999999999331	0.58436005625879	0.585766526019691	McGill0014
0	0.124999999999666	0.585766526019691	0.589985935302391	McGill0014
0	0.374999986713512	0.593417721518987	0.597018284106892	McGill0014
0	0.43749999335631	0.597018284106892	0.598087201125176	McGill0014
0	0.81249998007116	0.598087201125176	0.599043600562588	McGill0014
0	0.43749999335631	0.599043600562588	0.599493670886076	McGill0014
0	0.499999999997771	0.599493670886076	0.601237693389592	McGill0014
0	0.62499996014232	0.601237693389592	0.601800281293952	McGill0014
0	0.749999973425242	0.601800281293952	0.60253164556962	McGill0014
0	1	0.60253164556962	0.602644163150492	McGill0014
0	0.937499940211251	0.602644163150492	0.603713080168776	McGill0014
0	0.56250000664369	0.603713080168776	0.604331926863572	McGill0014
0	0.81249998007116	0.604331926863572	0.605119549929677	McGill0014
0	0.749999973425242	0.605119549929677	0.606863572433193	McGill0014
0	0.62499996014232	0.606863572433193	0.607426160337553	McGill0014
0	0.499999999997771	0.607426160337553	0.608157524613221	McGill0014
0	0.249999999999331	0.608157524613221	0.609957805907173	McGill0014
0	0.0625000000000557	0.650351617440225	0.655471167369902	McGill0014
0	0.124999999999666	0.655471167369902	0.655977496483826	McGill0014
0	0.0625000000000557	0.655977496483826	0.661097046413502	McGill0014
0	0.124999999999666	0.662278481012658	0.667229254571027	McGill0014
0	0.0625000000000557	0.667229254571027	0.667566807313643	McGill0014
0	0.187499993356979	0.667566807313643	0.667904360056259	McGill0014
0	0.124999999999666	0.667904360056259	0.669817158931083	McGill0014
0	0.187499993356979	0.669817158931083	0.671392405063291	McGill0014
0	0.249999999999331	0.671392405063291	0.673192686357243	McGill0014
0	0.124999999999666	0.673192686357243	0.675443037974684	McGill0014
0	0.0625000000000557	0.675443037974684	0.677018284106892	McGill0014
0	0.124999999999666	0.68225035161744	0.682587904360056	McGill0014
0	0.249999999999331	0.682587904360056	0.684781997187061	McGill0014
0	0.374999986713512	0.684781997187061	0.686357243319269	McGill0014
0	0.43749999335631	0.686357243319269	0.687819971870605	McGill0014
0	0.312499980070714	0.687819971870605	0.688157524613221	McGill0014
0	0.43749999335631	0.688157524613221	0.688213783403657	McGill0014
0	0.312499980070714	0.688213783403657	0.690407876230661	McGill0014
0	0.187499993356979	0.690407876230661	0.691870604781997	McGill0014
0	0.249999999999331	0.691870604781997	0.691983122362869	McGill0014
0	0.187499993356979	0.691983122362869	0.693783403656821	McGill0014
0	0.0625000000000557	0.693783403656821	0.697496483825598	McGill0014
0	0.0625000000000557	0.69760900140647	0.699803094233474	McGill0014
0	0.124999999999666	0.699803094233474	0.70323488045007	McGill0014
0	0.0625000000000557	0.70323488045007	0.705428973277075	McGill0014
0	0.124999999999666	0.705541490857947	0.708917018284107	McGill0014
0	0.124999999999666	0.709029535864979	0.711279887482419	McGill0014
0	0.124999999999666	0.711561181434599	0.7171870604782	McGill0014
0	0.124999999999666	0.722025316455696	0.722644163150492	McGill0014
0	0.249999999999331	0.722644163150492	0.727651195499297	McGill0014
0	0.124999999999666	0.727651195499297	0.728270042194093	McGill0014
0	0.124999999999666	0.746104078762307	0.747904360056259	McGill0014
0	0.187499993356979	0.747904360056259	0.750773558368495	McGill0014
0	0.312499980070714	0.750773558368495	0.751729957805907	McGill0014
0	0.187499993356979	0.751729957805907	0.752911392405063	McGill0014
0	0.249999999999331	0.752911392405063	0.753530239099859	McGill0014
0	0.187499993356979	0.753530239099859	0.756399437412096	McGill0014
0	0.0625000000000557	0.756399437412096	0.758537271448664	McGill0014
0	0.0625000000000557	0.776258790436006	0.78014064697609	McGill0014
0	0.124999999999666	0.78014064697609	0.781097046413502	McGill0014
0	0.0625000000000557	0.781097046413502	0.784191279887482	McGill0014
0	0.0625000000000557	0.817552742616034	0.819071729957806	McGill0014
0	0.124999999999666	0.819071729957806	0.823178621659634	McGill0014
0	0.0625000000000557	0.823178621659634	0.824697609001406	McGill0014
0	0.187499993356979	0.841181434599156	0.843319268635724	McGill0014
0	0.249999999999331	0.843319268635724	0.84337552742616	McGill0014
0	0.312499980070714	0.84337552742616	0.845232067510549	McGill0014
0	0.249999999999331	0.845232067510549	0.845907172995781	McGill0014
0	0.43749999335631	0.845907172995781	0.846638537271449	McGill0014
0	0.499999999997771	0.846638537271449	0.846751054852321	McGill0014
0	0.43749999335631	0.846751054852321	0.846807313642757	McGill0014
0	0.374999986713512	0.846807313642757	0.848101265822785	McGill0014
0	0.499999999997771	0.848101265822785	0.848157524613221	McGill0014
0	0.56250000664369	0.848157524613221	0.848945147679325	McGill0014
0	0.374999986713512	0.848945147679325	0.851533052039381	McGill0014
0	0.187499993356979	0.851533052039381	0.853727144866385	McGill0014
0	0.0625000000000557	0.865710267229255	0.868410689170183	McGill0014
0	0.124999999999666	0.868410689170183	0.871336146272855	McGill0014
0	0.0625000000000557	0.871336146272855	0.871561181434599	McGill0014
0	0.124999999999666	0.871561181434599	0.874036568213784	McGill0014
0	0.0625000000000557	0.874036568213784	0.87634317862166	McGill0014
0	0.0625000000000557	0.87662447257384	0.88225035161744	McGill0014
0	0.0625000000000557	0.8828129395218	0.885513361462729	McGill0014
0	0.124999999999666	0.885513361462729	0.887707454289733	McGill0014
0	0.249999999999331	0.887707454289733	0.888438818565401	McGill0014
0	0.187499993356979	0.888438818565401	0.889563994374121	McGill0014
0	0.249999999999331	0.889563994374121	0.889676511954993	McGill0014
0	0.312499980070714	0.889676511954993	0.891139240506329	McGill0014
0	0.249999999999331	0.891139240506329	0.893277074542897	McGill0014
0	0.187499993356979	0.893277074542897	0.893333333333333	McGill0014
0	0.124999999999666	0.893333333333333	0.895189873417722	McGill0014
0	0.124999999999666	0.895471167369901	0.897665260196906	McGill0014
0	0.187499993356979	0.897665260196906	0.897721518987342	McGill0014
0	0.249999999999331	0.897721518987342	0.900872011251758	McGill0014
0	0.187499993356979	0.900872011251758	0.901097046413502	McGill0014
0	0.124999999999666	0.901097046413502	0.90267229254571	McGill0014
0	0.249999999999331	0.90267229254571	0.903291139240506	McGill0014
0	0.124999999999666	0.903291139240506	0.904472573839662	McGill0014
0	0.312499980070714	0.904472573839662	0.904922644163151	McGill0014
0	0.43749999335631	0.904922644163151	0.907116736990155	McGill0014
0	0.499999999997771	0.907116736990155	0.907510548523207	McGill0014
0	0.56250000664369	0.907510548523207	0.908298171589311	McGill0014
0	0.43749999335631	0.908298171589311	0.909423347398031	McGill0014
0	0.499999999997771	0.909423347398031	0.909479606188467	McGill0014
0	0.62499996014232	0.909479606188467	0.910098452883263	McGill0014
0	0.43749999335631	0.910098452883263	0.910548523206751	McGill0014
0	0.312499980070714	0.910548523206751	0.912742616033755	McGill0014
0	0.249999999999331	0.912742616033755	0.913136427566807	McGill0014
0	0.187499993356979	0.913136427566807	0.914036568213783	McGill0014
0	0.249999999999331	0.914036568213783	0.915049226441632	McGill0014
0	0.0625000000000557	0.915049226441632	0.918818565400844	McGill0014
0	0.124999999999666	0.918818565400844	0.919606188466948	McGill0014
0	0.0625000000000557	0.919606188466948	0.919887482419128	McGill0014
0	0.249999999999331	0.919887482419128	0.921518987341772	McGill0014
0	0.374999986713512	0.921518987341772	0.921575246132208	McGill0014
0	0.43749999335631	0.921575246132208	0.924388185654009	McGill0014
0	0.374999986713512	0.924388185654009	0.925288326300985	McGill0014
0	0.312499980070714	0.925288326300985	0.925457102672292	McGill0014
0	0.249999999999331	0.925457102672292	0.925513361462728	McGill0014
0	0.187499993356979	0.925513361462728	0.927144866385373	McGill0014
0	0.0625000000000557	0.932039381153305	0.933389592123769	McGill0014
0	0.124999999999666	0.933389592123769	0.937665260196906	McGill0014
0	0.0625000000000557	0.937665260196906	0.938959212376934	McGill0014
0	0.0625000000000557	0.940309423347398	0.945822784810127	McGill0014
0	0.124999999999666	0.945822784810127	0.945879043600563	McGill0014
0	0.0625000000000557	0.945879043600563	0.946329113924051	McGill0014
0	0.124999999999666	0.946329113924051	0.950886075949367	McGill0014
0	0.0625000000000557	0.950886075949367	0.951617440225035	McGill0014
0	0.124999999999666	0.951617440225035	0.951954992967651	McGill0014
0	0.0625000000000557	0.951954992967651	0.957243319268636	McGill0014
0	0.124999999999666	0.964163150492264	0.967032348804501	McGill0014
0	0.249999999999331	0.967032348804501	0.969170182841069	McGill0014
0	0.374999986713512	0.969170182841069	0.969563994374121	McGill0014
0	0.312499980070714	0.969563994374121	0.969789029535865	McGill0014
0	0.249999999999331	0.969789029535865	0.972658227848101	McGill0014
0	0.124999999999666	0.972658227848101	0.973164556962025	McGill0014
0	0.312499980070714	0.973164556962025	0.973614627285513	McGill0014
0	0.374999986713512	0.973614627285513	0.97395218002813	McGill0014
0	0.43749999335631	0.97395218002813	0.974739803094234	McGill0014
0	0.374999986713512	0.974739803094234	0.97479606188467	McGill0014
0	0.312499980070714	0.97479606188467	0.976033755274262	McGill0014
0	0.249999999999331	0.976033755274262	0.976315049226442	McGill0014
0	0.187499993356979	0.976315049226442	0.97817158931083	McGill0014
0	0.312499980070714	0.97817158931083	0.978790436005626	McGill0014
0	0.249999999999331	0.978790436005626	0.979240506329114	McGill0014
0	0.124999999999666	0.979240506329114	0.980253164556962	McGill0014
0	0.249999999999331	0.980253164556962	0.981209563994374	McGill0014
0	0.312499980070714	0.981209563994374	0.982165963431786	McGill0014
0	0.374999986713512	0.982165963431786	0.982784810126582	McGill0014
0	0.43749999335631	0.982784810126582	0.98379746835443	McGill0014
0	0.249999999999331	0.98379746835443	0.985822784810127	McGill0014
0	0.187499993356979	0.985822784810127	0.985879043600563	McGill0014
0	0.124999999999666	0.985879043600563	0.987791842475387	McGill0014
0	0.0625000000000557	0.990829817158931	0.992461322081575	McGill0014
0	0.0625000000000557	0.992517580872011	0.998481012658228	McGill0014
0	0.111111113411949	0.212827004219409	0.214402250351617	McGill0015
0	0.222222226824478	0.214402250351617	0.218396624472574	McGill0015
0	0.111111113411949	0.218396624472574	0.219690576652602	McGill0015
0	0.111111113411949	0.225316455696203	0.227623066104079	McGill0015
0	0.222222226824478	0.227623066104079	0.230942334739803	McGill0015
0	0.111111113411949	0.230942334739803	0.233023909985935	McGill0015
0	0.111111113411949	0.271898734177215	0.27746835443038	McGill0015
0	0.111111113411949	0.278481012658228	0.282137834036568	McGill0015
0	0.444444453648956	0.317805907172996	0.317918424753868	McGill0015
0	0.888888907296753	0.317918424753868	0.323037974683544	McGill0015
0	1	0.323037974683544	0.323263009845288	McGill0015
0	0.888888907296753	0.323263009845288	0.32337552742616	McGill0015
0	0.666666666670527	0.32337552742616	0.323431786216596	McGill0015
0	0.555555573963227	0.323431786216596	0.323544303797468	McGill0015
0	0.111111113411949	0.323544303797468	0.325513361462729	McGill0015
0	0.222222226824478	0.325513361462729	0.328607594936709	McGill0015
0	0.111111113411949	0.328607594936709	0.331139240506329	McGill0015
0	0.111111113411949	0.566413502109705	0.569282700421941	McGill0015
0	0.222222226824478	0.569282700421941	0.572039381153305	McGill0015
0	0.111111113411949	0.572039381153305	0.574908579465542	McGill0015
0	0.111111113411949	0.653952180028129	0.65592123769339	McGill0015
0	0.222222226824478	0.65592123769339	0.65760900140647	McGill0015
0	0.333333333334105	0.65760900140647	0.659353023909986	McGill0015
0	0.222222226824478	0.659353023909986	0.661322081575246	McGill0015
0	0.333333333334105	0.661322081575246	0.66154711673699	McGill0015
0	0.222222226824478	0.66154711673699	0.663178621659634	McGill0015
0	0.111111113411949	0.663178621659634	0.666835443037975	McGill0015
0	0.111111113411949	0.769170182841069	0.771645569620253	McGill0015
0	0.222222226824478	0.771645569620253	0.774796061884669	McGill0015
0	0.111111113411949	0.774796061884669	0.777158931082982	McGill0015
0	0.166666673806358	0.100534458509142	0.101322081575246	McGill0016
0	0.333333347613076	0.101322081575246	0.106160337552743	McGill0016
0	0.166666673806358	0.106160337552743	0.106947960618847	McGill0016
0	0.166666673806358	0.139634317862166	0.144585091420534	McGill0016
0	0.333333347613076	0.144585091420534	0.145260196905767	McGill0016
0	0.166666673806358	0.145260196905767	0.150210970464135	McGill0016
0	0.166666673806358	0.166300984528833	0.168382559774965	McGill0016
0	0.333333347613076	0.168382559774965	0.171814345991561	McGill0016
0	0.166666673806358	0.171814345991561	0.173952180028129	McGill0016
0	0.333333347613076	0.227848101265823	0.228298171589311	McGill0016
0	0.5	0.228298171589311	0.228410689170183	McGill0016
0	0.666666695225433	0.228410689170183	0.233248945147679	McGill0016
0	0.5	0.233248945147679	0.233417721518987	McGill0016
0	0.333333347613076	0.233417721518987	0.233811533052039	McGill0016
0	0.166666673806358	0.29479606188467	0.297496483825598	McGill0016
0	0.333333347613076	0.297496483825598	0.29957805907173	McGill0016
0	0.166666673806358	0.29957805907173	0.303122362869198	McGill0016
0	0.166666673806358	0.308917018284107	0.310886075949367	McGill0016
0	0.333333347613076	0.310886075949367	0.314542897327708	McGill0016
0	0.166666673806358	0.314542897327708	0.316511954992968	McGill0016
0	0.5	0.340309423347398	0.341603375527426	McGill0016
0	1	0.341603375527426	0.345147679324895	McGill0016
0	0.833333347612716	0.345147679324895	0.345822784810127	McGill0016
0	0.666666695225433	0.345822784810127	0.345879043600563	McGill0016
0	0.5	0.345879043600563	0.346329113924051	McGill0016
0	0.833333347612716	0.346329113924051	0.347229254571027	McGill0016
0	0.333333347613076	0.347229254571027	0.350717299578059	McGill0016
0	0.5	0.350717299578059	0.350773558368495	McGill0016
0	0.666666695225433	0.350773558368495	0.351954992967651	McGill0016
0	0.333333347613076	0.351954992967651	0.35634317862166	McGill0016
0	0.166666673806358	0.391504922644163	0.392573839662447	McGill0016
0	0.333333347613076	0.392573839662447	0.397074542897328	McGill0016
0	0.166666673806358	0.397074542897328	0.397918424753868	McGill0016
0	0.333333347613076	0.4385935302391	0.439606188466948	McGill0016
0	0.666666695225433	0.439606188466948	0.4442194092827	McGill0016
0	0.333333347613076	0.4442194092827	0.445232067510548	McGill0016
0	0.5	0.606469760900141	0.607876230661041	McGill0016
0	0.833333347612716	0.607876230661041	0.611870604781997	McGill0016
0	0.666666695225433	0.611870604781997	0.611926863572433	McGill0016
0	0.333333347613076	0.611926863572433	0.611983122362869	McGill0016
0	0.5	0.611983122362869	0.613502109704641	McGill0016
0	0.166666673806358	0.658284106891702	0.658509142053446	McGill0016
0	0.333333347613076	0.658509142053446	0.663347398030942	McGill0016
0	0.5	0.663347398030942	0.663459915611814	McGill0016
0	0.666666695225433	0.663459915611814	0.663853727144866	McGill0016
0	0.5	0.663853727144866	0.664022503516175	McGill0016
0	0.333333347613076	0.664022503516175	0.668804500703235	McGill0016
0	0.166666673806358	0.668804500703235	0.668973277074543	McGill0016
0	0.166666673806358	0.695246132208158	0.69732770745429	McGill0016
0	0.333333347613076	0.69732770745429	0.700815752461322	McGill0016
0	0.166666673806358	0.700815752461322	0.702897327707454	McGill0016
0	0.166666673806358	0.703066104078762	0.707566807313643	McGill0016
0	0.333333347613076	0.707566807313643	0.708691983122363	McGill0016
0	0.166666673806358	0.708691983122363	0.708917018284107	McGill0016
0	0.166666673806358	0.709029535864979	0.713192686357243	McGill0016
0	0.333333347613076	0.804500703234881	0.808776371308017	McGill0016
0	0.5	0.808776371308017	0.808945147679325	McGill0016
0	0.666666695225433	0.808945147679325	0.810070323488045	McGill0016
0	0.5	0.810070323488045	0.810126582278481	McGill0016
0	0.333333347613076	0.810126582278481	0.814402250351617	McGill0016
0	0.333333347613076	0.821715893108298	0.823122362869198	McGill0016
0	0.666666695225433	0.823122362869198	0.827341772151899	McGill0016
0	0.333333347613076	0.827341772151899	0.828748241912799	McGill0016
0	0.166666673806358	0.870773558368495	0.875949367088608	McGill0016
0	0.166666673806358	0.889001406469761	0.889789029535865	McGill0016
0	0.333333347613076	0.889789029535865	0.894571026722925	McGill0016
0	0.166666673806358	0.894571026722925	0.895414908579466	McGill0016
0	0.166666673806358	0.930632911392405	0.933839662447257	McGill0016
0	0.333333347613076	0.933839662447257	0.934289732770745	McGill0016
0	0.666666695225433	0.934289732770745	0.936258790436005	McGill0016
0	0.5	0.936258790436005	0.937552742616034	McGill0016
0	0.666666695225433	0.937552742616034	0.93760900140647	McGill0016
0	0.833333347612716	0.93760900140647	0.938227848101266	McGill0016
0	0.666666695225433	0.938227848101266	0.939465541490858	McGill0016
0	0.5	0.939465541490858	0.939915611814346	McGill0016
0	0.333333347613076	0.939915611814346	0.943178621659634	McGill0016
