ymin	ymax	x	group
0.0915528207927509	0.107326325505378	0.000450070323488045	27
0.0584012133819309	0.0906953132086357	0.00146272855133615	27
0.00454221036246009	0.0555379041149236	0.00247538677918425	27
0.032394071578847	0.0934470818845704	0.00348804500703235	27
0.0919138900246205	0.0989066972831426	0.00450070323488045	27
0.0492504711659152	0.0896672807432829	0.00551336146272855	27
0.0912613713513231	0.123341132338855	0.00652601969057665	27
0.123774888880917	0.125591592577858	0.00753867791842475	27
0.118037517261441	0.125014980147394	0.00855133614627285	27
0.117017887602485	0.118065226388565	0.00956399437412096	27
0.118283736607027	0.123933658946233	0.0105766526019691	27
0.11954140326877	0.121851748072195	0.0115893108298172	27
0.118271165348868	0.121039452495049	0.0126019690576653	27
0.119956834106717	0.121370523877303	0.0136146272855134	27
0.115127068395787	0.121122764717669	0.0146272855133615	27
0.0258466272433683	0.114211141110056	0.0156399437412096	27
0.0922240739565592	0.130737060419577	0.0166526019690577	27
0.131610614594733	0.137673517593098	0.0176652601969058	27
0.0813335127641458	0.137480405581689	0.0186779184247539	27
0.0758095966593312	0.0809541708139278	0.019690576652602	27
0.0737056652097247	0.0756026161103247	0.0207032348804501	27
0.0716364750179784	0.073606163549875	0.0217158931082982	27
0.0758145212241834	0.110566610396666	0.0227285513361463	27
0.107808966114528	0.110825157960651	0.0237412095639944	27
0.0867239639048368	0.107413260939202	0.0247538677918425	27
0.0428626847809629	0.0849138596170754	0.0257665260196906	27
0.0866198711390889	0.105647474726258	0.0267791842475387	27
0.106190781628042	0.112160388623819	0.0277918424753868	27
0.105206058551237	0.109631165501749	0.0288045007032349	27
0.0953567473317614	0.104690115385141	0.029817158931083	27
0.0940222198925787	0.0951628479204593	0.0308298171589311	27
0.0650454428671402	0.0944757598073947	0.0318424753867792	27
0.0596500039123027	0.0648808454840517	0.0328551336146273	27
0.0605192256273042	0.0683211315926255	0.0338677918424754	27
0.0697013321725157	0.112050587113377	0.0348804500703235	27
0.112616527701454	0.118734740394181	0.0358931082981716	27
0.112180360502939	0.118501833331283	0.0369057665260197	27
0.0470163739611267	0.111268566917441	0.0379184247538678	27
0.104843179057044	0.145341377913757	0.0389310829817159	27
0.111811877677671	0.12773437657381	0.039943741209564	27
0.128314677088646	0.146943596427025	0.0409563994374121	27
0.148254866878877	0.220922699399437	0.0419690576652602	27
0.2214521711082	0.233208911603416	0.0429817158931083	27
0.233889529310395	0.249473130745023	0.0439943741209564	27
0.250244843187202	0.26467569780434	0.0450070323488045	27
0.265219215684126	0.274999648106445	0.0460196905766526	27
0.271204595058925	0.277066220469215	0.0470323488045007	27
0.268889475582762	0.273445827882633	0.0480450070323488	27
0.263185366034751	0.273261551716195	0.0490576652601969	27
0.244370310671472	0.262337024974483	0.050070323488045	27
0.244998693190762	0.248869604835716	0.0510829817158931	27
0.249299116402979	0.293911414984691	0.0520956399437412	27
0.296303889374814	0.336436321295093	0.0531082981715893	27
0.338985625340566	0.363918111149347	0.0541209563994374	27
0.365442506439483	0.394309854507316	0.0551336146272855	27
0.396262349220459	0.425198771312594	0.0561462728551336	27
0.426020862774852	0.438734613102319	0.0571589310829817	27
0.439394782736033	0.44738468221283	0.0581715893108298	27
0.446337720653644	0.448515327504028	0.0591842475386779	27
0.448737014657362	0.455985389449159	0.060196905766526	27
0.455565638079918	0.459570913704883	0.0612095639943741	27
0.456318691769355	0.466559881887724	0.0622222222222222	27
0.463928147084308	0.476263374537956	0.0632348804500703	27
0.476958202032452	0.495532404988586	0.0642475386779184	27
0.496949196055475	0.523209437042723	0.0652601969057665	27
0.524560472100223	0.545516931215346	0.0662728551336146	27
0.549146978061584	0.570318684197827	0.0672855133614627	27
0.571174857252531	0.583920268046104	0.0682981715893108	27
0.584777176351249	0.598614439407133	0.0693108298171589	27
0.599579143493908	0.610314967592413	0.070323488045007	27
0.610178865774668	0.613227671300625	0.0713361462728551	27
0.613619389649658	0.618940024485807	0.0723488045007032	27
0.616668114343265	0.628179539033348	0.0733614627285513	27
0.629040356111298	0.642753145115333	0.0743741209563994	27
0.643633860083462	0.65419648471455	0.0753867791842475	27
0.654285336395731	0.665885664323917	0.0763994374120956	27
0.667119650492136	0.687440515908671	0.0774120956399437	27
0.686479711886366	0.695339714427472	0.0784247538677918	27
0.699956989426195	0.700406854172909	0.0794374120956399	27
0.69963064233694	0.702554725104324	0.0804500703234881	27
0.700764195611674	0.705146034131528	0.0814627285513361	27
0.693090370765005	0.704015374422902	0.0824753867791842	27
0.687783812499009	0.6925286679356	0.0834880450070324	27
0.68488754976589	0.690687082559687	0.0845007032348804	27
0.681119718487531	0.684585168291105	0.0855133614627285	27
0.67586932928847	0.680977729383567	0.0865260196905767	27
0.503079347613526	0.70186378723283	0.0875386779184248	27
0.710763257422926	0.929814188556052	0.0885513361462729	27
0.353237501138703	0.80859427110303	0.089563994374121	27
0.659259227849156	0.728837796581945	0.0905766526019691	27
0.73082421310735	0.751598697960113	0.0915893108298171	27
0.752295781491334	0.761566625988337	0.0926019690576653	27
0.759107651642125	0.762712537968842	0.0936146272855134	27
0.763080519325011	0.768264776270935	0.0946272855133614	27
0.768687552136849	0.770103832017454	0.0956399437412096	27
0.764739246175084	0.769389862241829	0.0966526019690577	27
0.674568079099117	0.761701285454451	0.0976652601969058	27
0.746660040800421	0.76100862943939	0.0986779184247539	27
0.712719172291349	0.744940971116307	0.099690576652602	27
0.685400154267352	0.710518312573513	0.10070323488045	27
0.662320050851219	0.683826937586818	0.101715893108298	27
0.64118231005626	0.661078289110498	0.102728551336146	27
0.607673018600563	0.640106407634317	0.103741209563994	27
0.604259235542511	0.610412369039538	0.104753867791842	27
0.600223142383851	0.610608810904145	0.105766526019691	27
0.593044726041714	0.599597277487075	0.106779184247539	27
0.596039030686715	0.59767861869521	0.107791842475387	27
0.590922598981413	0.595629182663672	0.108804500703235	27
0.581293331071689	0.590339552085733	0.109817158931083	27
0.559188714934199	0.580213043091589	0.110829817158931	27
0.552118061631932	0.55835175695721	0.111842475386779	27
0.418798642094309	0.55277229132894	0.112855133614627	27
0.40038382689467	0.417611418266779	0.113867791842475	27
0.390207130968265	0.405023687875038	0.114880450070324	27
0.406740451078367	0.513048829788435	0.115893108298172	27
0.488749168764639	0.505983215562606	0.11690576652602	27
0.473895775758506	0.490297808141467	0.117918424753868	27
0.477185746715699	0.479224392954298	0.118931082981716	27
0.475836658252563	0.480214322826927	0.119943741209564	27
0.466861200521155	0.475243459007632	0.120956399437412	27
0.462469350277939	0.466519883718396	0.12196905766526	27
0.464467045435472	0.468482524156226	0.122981715893108	27
0.464546770298187	0.468632531323619	0.123994374120956	27
0.46329188844566	0.46734349459228	0.125007032348805	27
0.461760387804595	0.467039582502672	0.126019690576653	27
0.465819800183099	0.471161966849402	0.127032348804501	27
0.467877859438302	0.470187334564903	0.128045007032349	27
0.463944298540768	0.467671157843075	0.129057665260197	27
0.440810275476013	0.463783382491685	0.130070323488045	27
0.328034168276839	0.439718754440357	0.131082981715893	27
0.316459155651482	0.407387311916798	0.132095639943741	27
0.394058764313168	0.404358177950502	0.133108298171589	27
0.389958777803999	0.398253050129401	0.134120956399437	27
0.377120615397703	0.3895488840173	0.135133614627286	27
0.359821420200293	0.375991534448869	0.136146272855134	27
0.351561027727039	0.36149014463591	0.137158931082982	27
0.333295469934237	0.350684413229082	0.13817158931083	27
0.31216133794196	0.332316548766548	0.139184247538678	27
0.288751027444893	0.31099142830315	0.140196905766526	27
0.271411480995583	0.287544301650139	0.141209563994374	27
0.243951613690977	0.270342782323318	0.142222222222222	27
0.224052479889403	0.242797363449947	0.14323488045007	27
0.209402891113484	0.226067717208135	0.144247538677918	27
0.191270055911661	0.208457160086268	0.145260196905767	27
0.182151704573831	0.190569218945963	0.146272855133615	27
0.171713358522868	0.182412409592692	0.147285513361463	27
0.156618557198931	0.171007698616765	0.148298171589311	27
0.144428921626495	0.155599740378151	0.149310829817159	27
0.14513670681172	0.151961475874299	0.150323488045007	27
0.152172411318426	0.157064567383193	0.151336146272855	27
0.151675149505247	0.156656170126944	0.152348804500703	27
0.151646791176845	0.153013651270663	0.153361462728551	27
0.148337258482655	0.15145963072769	0.154374120956399	27
0.133737730491533	0.148076767064668	0.155386779184248	27
0.071966348977223	0.1327601071341	0.156399437412096	27
0.0482081905701851	0.0707362321097132	0.157412095639944	27
0.0160634480996317	0.0572164010238076	0.158424753867792	27
0.044139808038591	0.0641369821109147	0.15943741209564	27
0.0506879747840228	0.0733769197094095	0.160450070323488	27
0.0475988638333471	0.0503755277068533	0.161462728551336	27
0.0463090699173502	0.0481340355841092	0.162475386779184	27
0.0442308481731717	0.0461589175483638	0.163488045007032	27
0.0439907289094697	0.0490482413730129	0.16450070323488	27
0.0494450408686081	0.0747644297725406	0.165513361462729	27
0.0728160413046697	0.0749663867277412	0.166526019690577	27
0.0750552374344114	0.0755481501869515	0.167538677918425	27
0.0754435392948079	0.0765221322275658	0.168551336146273	27
0.0753542714777464	0.076707717287326	0.169563994374121	27
0.0626792989984439	0.0753157299743596	0.170576652601969	27
0.0180794293340879	0.158936875011455	0.171589310829817	27
0.0366944199237067	0.0509083211809318	0.172601969057665	27
0.0476855924417424	0.0611501221711511	0.173614627285513	27
0.0616206736255667	0.068260383998913	0.174627285513361	27
0.0690885796362216	0.0801916150414981	0.17563994374121	27
0.0808757362610378	0.0928310116313083	0.176652601969058	27
0.0933508657729823	0.1077338016508	0.177665260196906	27
0.108862626045889	0.175993710312519	0.178677918424754	27
0.176776265430038	0.188954108314163	0.179690576652602	27
0.189609386005415	0.197702720066571	0.18070323488045	27
0.197826753581438	0.199294952653908	0.181715893108298	27
0.199120713540264	0.202095187910267	0.182728551336146	27
0.191456953484511	0.206524155596656	0.183741209563994	27
0.149129045840784	0.205782642448001	0.184753867791842	27
0.194556346325429	0.290636914767919	0.185766526019691	27
0.190369136863242	0.25698181271476	0.186779184247539	27
0.144393189510153	0.188973032636563	0.187791842475387	27
0.114688973846421	0.185448033281187	0.188804500703235	27
0.187218814163046	0.205565205621785	0.189817158931083	27
0.206482614801667	0.222197610569994	0.190829817158931	27
0.2229553096351	0.232354944145293	0.191842475386779	27
0.232423112717666	0.234892340183597	0.192855133614627	27
0.164579610833258	0.235596869869696	0.193867791842475	27
0.154770525724603	0.164260985100413	0.194880450070323	27
0.147810105998565	0.155069865487629	0.195893108298172	27
0.140980673573603	0.150275707529047	0.19690576652602	27
0.0395789679859124	0.13706576605957	0.197918424753868	27
0.0146746801468546	0.0406285600308147	0.198931082981716	27
0.0242476601141559	0.0513740795257314	0.199943741209564	27
0.0147014858299219	0.0856625128101506	0.200956399437412	27
0.05707374472859	0.144961479260223	0.20196905766526	27
0.110601998476902	0.169867531718949	0.202981715893108	27
0.174138212870731	0.218500332358545	0.203994374120956	27
0.219993953338608	0.330396533961388	0.205007032348805	27
0.256945348076427	0.346340116052026	0.206019690576653	27
0.352338636808081	0.444454077248937	0.207032348804501	27
0.16034242550001	0.421855321582369	0.208045007032349	27
0.257077291120606	0.579415153065994	0.209057665260197	27
0.589335996673818	0.677918021995043	0.210070323488045	27
0.6834483455804	0.753656207581593	0.211082981715893	27
0.755865465530592	0.776639547707179	0.212095639943741	27
0.579269720924845	0.800465634105041	0.213108298171589	27
0.59116846427187	0.635906585323823	0.214120956399437	27
0.637355167098907	0.6757470261222	0.215133614627285	27
0.678420450257099	0.766495626303409	0.216146272855134	27
0.429166106722706	0.887562933649557	0.217158931082982	27
0.402316501659653	0.429489741296074	0.21817158931083	27
0.37421895096839	0.403838609957168	0.219184247538678	27
0.399063520765465	0.402842788352225	0.220196905766526	27
0.360936778865115	0.732763138141134	0.221209563994374	27
0.611352762207497	0.884342219990293	0.222222222222222	27
0.503591183907795	0.604676504214701	0.22323488045007	27
0.46403203235507	0.501650989521028	0.224247538677918	27
0.45494955944049	0.473006786357844	0.225260196905767	27
0.353966477966552	0.475218264080535	0.226272855133615	27
0.479082840974608	0.519349771450325	0.227285513361463	27
0.515490547629273	0.53995319162085	0.228298171589311	27
0.541849566318732	0.5902197105249	0.229310829817159	27
0.368675869834288	0.647102522375896	0.230323488045007	27
0.253949324496743	0.380586758458063	0.231336146272855	27
0.250633812722054	0.390902904151551	0.232348804500703	27
0.128241864815479	0.275691213576	0.233361462728551	27
0.0450265729751481	0.125303257433737	0.234374120956399	27
0.0761823286168848	0.110193220160294	0.235386779184248	27
0.0961675392276912	0.177714163701301	0.236399437412096	27
0.178539737396818	0.279940298173562	0.237412095639944	27
0.180924366314342	0.661485883398995	0.238424753867792	27
0.111048702127689	0.273843776683123	0.23943741209564	27
0.21864063955859	0.237238934473325	0.240450070323488	27
0.178269813603335	0.216646322572474	0.241462728551336	27
0.11672811649841	0.305518584350575	0.242475386779184	27
0.316300192523322	0.43652549047245	0.243488045007032	27
0.180678154339863	0.593188141604683	0.24450070323488	27
0.0701532971477144	0.178254150677684	0.245513361462729	27
0.0910169369533823	0.167086664926841	0.246526019690577	27
0.11322151055202	0.175378467515739	0.247538677918425	27
0.105657237779205	0.113014317050542	0.248551336146273	27
0.0661820853321665	0.105123694515051	0.249563994374121	27
0.0684403142029244	0.0740602020882797	0.250576652601969	27
0.0693837551783136	0.0867572120059242	0.251589310829817	27
0.0874565362384649	0.0988976802267092	0.252601969057665	27
0.0996274586753693	0.11434227126222	0.253614627285513	27
0.121466313720344	0.202645071259203	0.254627285513361	27
0.204035616346417	0.224362013251047	0.25563994374121	27
0.225617223992329	0.250271542802858	0.256652601969058	27
0.25185438507511	0.261937097064553	0.257665260196906	27
0.260869376562582	0.285795473305948	0.258677918424754	27
0.211557230923604	0.259628980525349	0.259690576652602	27
0.12572386706578	0.237164728289051	0.26070323488045	27
0.240062885082408	0.271634598635408	0.261715893108298	27
0.273341382216134	0.290474612791615	0.262728551336146	27
0.286246649963288	0.290723789561988	0.263741209563994	27
0.12740970688501	0.296707315109138	0.264753867791842	27
0.206386326374569	0.680636557898389	0.265766526019691	27
0.35757242948163	0.484216433785143	0.266779184247539	27
0.484816713453509	0.87782371904582	0.267791842475387	27
0.39447137886094	0.475607946309495	0.268804500703235	27
0.353663205625509	0.39251409001626	0.269817158931083	27
0.242978117214841	0.354524609837246	0.270829817158931	27
0.184943769982186	0.309327775203508	0.271842475386779	27
0.21035044881516	0.32049211840314	0.272855133614627	27
0.187997847168888	0.242287389328035	0.273867791842475	27
0.117572355914666	0.586558935794008	0.274880450070323	27
0.532908249389776	0.573499924958867	0.275893108298172	27
0.456234517928703	0.528399749867911	0.27690576652602	27
0.393035834305357	0.945341845859072	0.277918424753868	27
0.597384170553409	0.937326492006233	0.278931082981716	27
0.613985925086953	0.668730202142036	0.279943741209564	27
0.566369412513449	0.607483309430955	0.280956399437412	27
0.413571227549964	0.595493774137311	0.28196905766526	27
0.238502070076687	0.683851224071734	0.282981715893108	27
0.696860710583621	0.955090626644625	0.283994374120956	27
0.709353462301025	0.73841906776763	0.285007032348805	27
0.657704878575035	0.708409049735442	0.286019690576653	27
0.613457569351558	0.654611023420181	0.287032348804501	27
0.561553301567909	0.610863814574789	0.288045007032349	27
0.493436613861014	0.558164774254886	0.289057665260197	27
0.247504091347485	0.569972804553155	0.290070323488045	27
0.573207993744672	0.601998142538595	0.291082981715893	27
0.584859970150196	0.606180759447343	0.292095639943741	27
0.48412135288906	0.583004827707711	0.293108298171589	27
0.50644751550736	0.584510458952436	0.294120956399437	27
0.585324696757021	0.598979006843015	0.295133614627285	27
0.598570334470208	0.605925500333437	0.296146272855134	27
0.591687863044722	0.604472381133786	0.297158931082982	27
0.574785761393284	0.592435765329471	0.29817158931083	27
0.565380273025478	0.939258927475918	0.299184247538678	27
0.857056623037582	0.896503732803151	0.300196905766526	27
0.811101211647225	0.855244008802202	0.301209563994374	27
0.767060533754491	0.808843223770573	0.302222222222222	27
0.425986805827733	0.764756732909972	0.30323488045007	27
0.544529251558203	0.590575937290781	0.304247538677918	27
0.408198565748676	0.564602679604269	0.305260196905767	27
0.246219197378103	0.501218451096967	0.306272855133615	27
0.290314668451048	0.373862813368975	0.307285513361463	27
0.375814301106012	0.389388394276091	0.308298171589311	27
0.320970502512768	0.388211583527335	0.309310829817159	27
0.0158411153446782	0.727218740017556	0.310323488045007	27
0.740183896109283	0.848178983808419	0.311336146272855	27
0.54816530374352	0.942022852923406	0.312348804500703	27
0.549016381819845	0.797644067925605	0.313361462728551	27
0.745328700619306	0.921792725531682	0.314374120956399	27
0.904521238708942	0.948714586609843	0.315386779184248	27
0.931761169576032	0.941747474061603	0.316399437412096	27
0.927879102664346	0.959079278269444	0.317412095639944	27
0.951498110489455	0.958730054249699	0.318424753867792	27
0.938924620313212	0.950976986236175	0.31943741209564	27
0.921274281190616	0.937920070778025	0.320450070323488	27
0.92075893531446	0.938502686350011	0.321462728551336	27
0.890534504189087	0.932607332355864	0.322475386779184	27
0.85109657690267	0.971367205252916	0.323488045007032	27
0.971482155282056	0.973163673580436	0.32450070323488	27
0.887321998223064	0.949589944377705	0.325513361462729	27
0.950169701156199	0.955125811750759	0.326526019690577	27
0.955413151485977	0.967533550329665	0.327538677918425	27
0.948853951002888	0.993306106444741	0.328551336146273	27
0.8216796034348	0.945268982999348	0.329563994374121	27
0.488601477414984	0.835748978488818	0.330576652601969	27
0.687112984548367	0.738804439642634	0.331589310829817	27
0.437713131656111	0.835798354958579	0.332601969057665	27
0.460543145867648	0.548962020619002	0.333614627285513	27
0.498450266383088	0.530612131542407	0.334627285513361	27
0.423628495689436	0.529608303328025	0.33563994374121	27
0.186071171836556	0.618638292580154	0.336652601969058	27
0.143976422046422	0.57225570409483	0.337665260196906	27
0.377316623373045	0.436256010721923	0.338677918424754	27
0.437796282924592	0.467464915911049	0.339690576652602	27
0.466583717239574	0.47061319580285	0.34070323488045	27
0.36463984277037	0.465436807938673	0.341715893108298	27
0.321071294031915	0.776459409480384	0.342728551336146	27
0.336208064529408	0.600087742485218	0.343741209563994	27
0.278611781326392	0.586913187812637	0.344753867791842	27
0.349044209076412	0.508306521359747	0.345766526019691	27
0.31465032812151	0.348100622607848	0.346779184247539	27
0.200225456420996	0.311681098548746	0.347791842475387	27
0.0750288971324495	0.239361159376349	0.348804500703235	27
0.0684204782829843	0.074769669553483	0.349817158931083	27
0.0566134658836917	0.0678921229711133	0.350829817158931	27
0.0409562340562029	0.0558294540431057	0.351842475386779	27
0.0404399111861203	0.129310842168074	0.352855133614627	27
0.126201192334906	0.130137680154564	0.353867791842475	27
0.105165365336052	0.17829018840259	0.354880450070324	27
0.097388392769649	0.146062425198478	0.355893108298172	27
0.0399451425724608	0.173897158931672	0.35690576652602	27
0.163215415282953	0.181177895615957	0.357918424753868	27
0.152478775625163	0.182358325383794	0.358931082981716	27
0.183443503339392	0.195363350400124	0.359943741209564	27
0.186032413691691	0.190667118538021	0.360956399437412	27
0.174319929518372	0.185800073755093	0.36196905766526	27
0.166909749668806	0.173842454938976	0.362981715893108	27
0.109797100538807	0.166535272793709	0.363994374120956	27
0.0998518219196437	0.109377613698521	0.365007032348804	27
0.0954936080638099	0.0998056954176475	0.366019690576653	27
0.0935315941634387	0.0951924970910046	0.367032348804501	27
0.0997333592908394	0.150377545399276	0.368045007032349	27
0.148030279358687	0.150279970891725	0.369057665260197	27
0.140184992344432	0.147673599953683	0.370070323488045	27
0.133257124040443	0.139547559852805	0.371082981715893	27
0.126444640878696	0.132893347277223	0.372095639943741	27
0.117214949282191	0.126137850435236	0.373108298171589	27
0.106776181378763	0.1156791088975	0.374120956399437	27
0.101066492275596	0.106431857652547	0.375133614627286	27
0.0891660488016461	0.100619100445108	0.376146272855134	27
0.077498753384232	0.0885432508861444	0.377158931082982	27
0.0401417777558182	0.0768998405665278	0.37817158931083	27
0.0300773608103656	0.0396745576923204	0.379184247538678	27
0.0130950787492582	0.0293684423027811	0.380196905766526	27
0.000976298283759038	0.0115108939969996	0.381209563994374	27
0.00112620851544669	0.00251627811400986	0.382222222222222	27
0.00256590224582501	0.0037003318281165	0.38323488045007	27
0.00378227449840514	0.00460102276645548	0.384247538677918	27
0.000438618543705556	0.00458868003893305	0.385260196905767	27
0.000589448159347889	0.00101529691943983	0.386272855133615	27
0.000507259144752472	0.000582105973869568	0.387285513361463	27
0.000482784122024902	0.00050372473658942	0.388298171589311	27
0.000493688838568104	0.000528917294986444	0.389310829817159	27
0.00053074671566191	0.000561890154751699	0.390323488045007	27
0.000564720407103443	0.000616436368909202	0.391336146272855	27
0.000619228011731313	0.00940754543279195	0.392348804500703	27
0.010530686890878	0.0204247150604509	0.393361462728551	27
0.0209163048927169	0.0297756374362212	0.3943741209564	27
0.0300903010606754	0.0348956337860668	0.395386779184248	27
0.0351933519901191	0.122322388229497	0.396399437412096	27
0.123971462152336	0.144694463142405	0.397412095639944	27
0.145943889636678	0.160117171455239	0.398424753867792	27
0.160335154462521	0.179481281244432	0.39943741209564	27
0.246240054537329	0.264569130721526	0.400450070323488	27
0.265663137350837	0.280117213508316	0.401462728551336	27
0.278917157798261	0.280325287512602	0.402475386779184	27
0.280669922044544	0.290927794532435	0.403488045007032	27
0.291212340514671	0.29500488642184	0.40450070323488	27
0.294301565342033	0.296589417633032	0.405513361462729	27
0.294269952984219	0.297806487279729	0.406526019690577	27
0.298207400699109	0.310669736045753	0.407538677918425	27
0.307966589456289	0.311252912757784	0.408551336146273	27
0.305608913844394	0.307822726225016	0.409563994374121	27
0.299548180198569	0.305414898666708	0.410576652601969	27
0.294826070343384	0.299370590282483	0.411589310829817	27
0.289957013980809	0.294441239488753	0.412601969057665	27
0.280674197587408	0.289656419706369	0.413614627285513	27
0.285482116942103	0.291623995879178	0.414627285513362	27
0.29173452518909	0.298054317406935	0.41563994374121	27
0.298248890815002	0.30651890722934	0.416652601969058	27
0.307386670689592	0.322729494651807	0.417665260196906	27
0.323583925210435	0.334628527413552	0.418677918424754	27
0.335543871448957	0.359653930626176	0.419690576652602	27
0.361094920750075	0.377362392086535	0.42070323488045	27
0.377353675225345	0.378898485254621	0.421715893108298	27
0.349507663736332	0.377947181924747	0.422728551336146	27
0.326616878127295	0.353441188508365	0.423741209563994	27
0.290142421348565	0.325845566161882	0.424753867791843	27
0.262794274141192	0.288277483160748	0.425766526019691	27
0.246262587173158	0.261387810637376	0.426779184247539	27
0.227074113688218	0.245235271920259	0.427791842475387	27
0.217937182662049	0.226330830501522	0.428804500703235	27
0.206821878717242	0.21729853989856	0.429817158931083	27
0.196264473147143	0.206660165532463	0.430829817158931	27
0.181094033741027	0.195783490381444	0.431842475386779	27
0.161163742837748	0.180024406904283	0.432855133614627	27
0.18118161931365	0.203534661666346	0.433867791842475	27
0.0918871295344322	0.201844571197762	0.434880450070324	27
0.0729903171946047	0.118914475440986	0.435893108298172	27
0.124828912064005	0.167497945863004	0.43690576652602	27
0.0712605887002068	0.171854345510457	0.437918424753868	27
0.0790235863412031	0.0910916097367728	0.438931082981716	27
0.0916714521651508	0.104958596007455	0.439943741209564	27
0.105888544288142	0.284856843883923	0.440956399437412	27
0.289383380479883	0.373221807545885	0.44196905766526	27
0.377620765435161	0.43784307743276	0.442981715893108	27
0.440174432893869	0.486524417947669	0.443994374120956	27
0.488346319124857	0.611681077004247	0.445007032348805	27
0.61276626360417	0.630539140530327	0.446019690576653	27
0.631118493366774	0.637283063031665	0.447032348804501	27
0.637865976131188	0.648607652019461	0.448045007032349	27
0.649274177151976	0.667832304936178	0.449057665260197	27
0.668672939432446	0.684804395962167	0.450070323488045	27
0.685426719141762	0.690904189666461	0.451082981715893	27
0.691085385985962	0.698583383344345	0.452095639943741	27
0.699420177657821	0.70917316885045	0.453108298171589	27
0.705655977948811	0.709800389091138	0.454120956399437	27
0.681401255935411	0.705139927127381	0.455133614627286	27
0.571672603798368	0.680417434964568	0.456146272855134	27
0.561040737818635	0.658375328405844	0.457158931082982	27
0.631283558120793	0.656168710302757	0.45817158931083	27
0.615175824300742	0.62983473579632	0.459184247538678	27
0.609415698180392	0.614707495962474	0.460196905766526	27
0.603890814925995	0.609363947972332	0.461209563994374	27
0.606217535325848	0.609449986369649	0.462222222222222	27
0.595306893971535	0.605638958083182	0.46323488045007	27
0.595173330779858	0.598513437323591	0.464247538677918	27
0.591552097208761	0.599332359942996	0.465260196905767	27
0.581669778892837	0.591770959648274	0.466272855133615	27
0.577314986163923	0.579180864399925	0.467285513361463	27
0.578427519030541	0.580344930754042	0.468298171589311	27
0.5728540819396	0.578558311900204	0.469310829817159	27
0.574360729738838	0.580312545635295	0.470323488045007	27
0.580617609133048	0.59415859505739	0.471336146272855	27
0.574939495229024	0.593825025559704	0.472348804500703	27
0.520299938983445	0.572339133931644	0.473361462728551	27
0.401006523078252	0.519339014982307	0.4743741209564	27
0.169654172919722	0.475234268607502	0.475386779184248	27
0.483666401917043	0.565364777886868	0.476399437412096	27
0.567211644915094	0.609005921914111	0.477412095639944	27
0.609218266797469	0.630269781036171	0.478424753867792	27
0.631481950883779	0.643616731087105	0.47943741209564	27
0.642644318986253	0.647933276964915	0.480450070323488	27
0.64822221485886	0.652806480142862	0.481462728551336	27
0.639884507055545	0.652639330791697	0.482475386779184	27
0.627769201637603	0.639261940211912	0.483488045007032	27
0.618301290616954	0.628898883017176	0.48450070323488	27
0.601776956647785	0.617355890801689	0.485513361462729	27
0.587238492138222	0.600738059283024	0.486526019690577	27
0.571458235355007	0.586578959389541	0.487538677918425	27
0.566558089229163	0.571075941351758	0.488551336146273	27
0.556320172466393	0.567244700739802	0.489563994374121	27
0.551401113353899	0.556028194865093	0.490576652601969	27
0.535125292773147	0.551205194206288	0.491589310829817	27
0.529584237667576	0.535097465845246	0.492601969057665	27
0.530485921523523	0.533316232367049	0.493614627285513	27
0.526228484250901	0.533139253747247	0.494627285513361	27
0.527064302533926	0.528125724063908	0.49563994374121	27
0.526237521976944	0.528823925066872	0.496652601969058	27
0.529593187767641	0.546063112919409	0.497665260196906	27
0.540413672361024	0.543837416842785	0.498677918424754	27
0.543956618694385	0.558582975748618	0.499690576652602	27
0.558078815490704	0.565295376671109	0.50070323488045	27
0.56402967151894	0.569171171827302	0.501715893108298	27
0.569418875947283	0.574924282476989	0.502728551336146	27
0.574872115151674	0.576355949817861	0.503741209563994	27
0.576600542357378	0.578334006193017	0.504753867791843	27
0.576230206088674	0.580287256809415	0.505766526019691	27
0.573483857631914	0.576603212470546	0.506779184247539	27
0.551122754439092	0.573031355014533	0.507791842475387	27
0.539666239107385	0.550689410039671	0.508804500703235	27
0.533807187373629	0.539292791165725	0.509817158931083	27
0.515460530830507	0.537834044111431	0.510829817158931	27
0.497950204728509	0.51411915555194	0.511842475386779	27
0.498855682180296	0.659522233303333	0.512855133614627	27
0.414928527282187	0.612732945337972	0.513867791842475	27
0.337747840586632	0.411159214043928	0.514880450070324	27
0.203681475478617	0.33422171107323	0.515893108298172	27
0.179130577820053	0.20239842569505	0.51690576652602	27
0.179906551643656	0.303427106505579	0.517918424753868	27
0.124534958067494	0.246305233385213	0.518931082981716	27
0.108991303795665	0.122853183486539	0.519943741209564	27
0.0981553002425563	0.108135168311216	0.520956399437412	27
0.0917044051011031	0.0976490619612989	0.52196905766526	27
0.0946513819262186	0.134718464055503	0.522981715893108	27
0.133466066242457	0.136122805003062	0.523994374120956	27
0.130017502275257	0.135826210111086	0.525007032348805	27
0.124029006046002	0.12969905671878	0.526019690576653	27
0.121380827918897	0.123536228560523	0.527032348804501	27
0.117287397263867	0.121242716600073	0.528045007032349	27
0.115275645687125	0.117182066251694	0.529057665260197	27
0.0754740990290476	0.115102396661255	0.530070323488045	27
0.0760324382658119	0.0809726452509766	0.531082981715893	27
0.0812687258812484	0.0845915130314252	0.532095639943741	27
0.084705568552102	0.0951897266327593	0.533108298171589	27
0.095883893861638	0.154654609346912	0.534120956399438	27
0.155861819683805	0.175004250856057	0.535133614627286	27
0.176085656207212	0.189847672287475	0.536146272855134	27
0.190311763020071	0.198688452825824	0.537158931082982	27
0.191308426164187	0.197447226527332	0.53817158931083	27
0.167713938980755	0.190476368725117	0.539184247538678	27
0.135206210661222	0.16604012499226	0.540196905766526	27
0.0871511921449128	0.132625117800962	0.541209563994374	27
0.0392905218691856	0.0841975300840941	0.542222222222222	27
0.0106665371242529	0.0547231137440758	0.54323488045007	27
0.0550355312328722	0.0590425022501647	0.544247538677919	27
0.0592263756965686	0.064127309489483	0.545260196905767	27
0.0574442178423486	0.0776942300223249	0.546272855133615	27
0.0323580776289847	0.05675758186871	0.547285513361463	27
0.0317970295008288	0.0588654327530532	0.548298171589311	27
0.0553013533959118	0.153780104503129	0.549310829817159	27
0.0293024374774095	0.0533811527751053	0.550323488045007	27
0.0276239000574935	0.0912329963624447	0.551336146272855	27
0.0849025639317273	0.356740210619112	0.552348804500703	27
0.019604933543443	0.0853772246629879	0.553361462728551	27
0.0227687075837291	0.0318143697762682	0.5543741209564	27
0.0162318793411477	0.0321484080340017	0.555386779184248	27
0.0259924526557472	0.0342341194810613	0.556399437412096	27
0.0134260549688318	0.032770720726786	0.557412095639944	27
0.0141226611864623	0.0356068494848706	0.558424753867792	27
0.03635911317915	0.0519085222283869	0.55943741209564	27
0.0527365938055549	0.0918981147516182	0.560450070323488	27
0.093895024804864	0.112151353352175	0.561462728551336	27
0.0662827101151026	0.41436760189295	0.562475386779184	27
0.129404389764317	0.273964055431755	0.563488045007032	27
0.120036103376895	0.131461784178069	0.56450070323488	27
0.0407259754140542	0.161204280901306	0.565513361462729	27
0.0511185812018899	0.0606299699691294	0.566526019690577	27
0.0384298206395397	0.19900528344904	0.567538677918425	27
0.0977980575860943	0.240652358362505	0.568551336146273	27
0.14774744068491	0.163407663652161	0.569563994374121	27
0.122450689593528	0.157049712753163	0.570576652601969	27
0.0340138673343398	0.147270151565113	0.571589310829817	27
0.153577280395913	0.193484519704472	0.572601969057665	27
0.0224730124413658	0.194194178874823	0.573614627285513	27
0.0215784144467447	0.641342946857603	0.574627285513362	27
0.299225654589728	0.373953709513734	0.57563994374121	27
0.297790783432822	0.319877654298767	0.576652601969058	27
0.304790197523603	0.356166376412231	0.577665260196906	27
0.332152322645136	0.522044549337375	0.578677918424754	27
0.172625941172172	0.501301453808859	0.579690576652602	27
0.173602584871666	0.550445296975347	0.58070323488045	27
0.184944732872359	0.188172591062638	0.581715893108298	27
0.170435592038508	0.195284162167883	0.582728551336146	27
0.195185989982402	0.198556996390092	0.583741209563994	27
0.114607002199591	0.19648470063345	0.584753867791843	27
0.187697022577517	0.284417785703165	0.585766526019691	27
0.288823343436205	0.342741992711445	0.586779184247539	27
0.345663180917426	0.366283800884122	0.587791842475387	27
0.367663946386236	0.394005475573661	0.588804500703235	27
0.386960882268225	0.393791197590281	0.589817158931083	27
0.369635524696141	0.386856090885149	0.590829817158931	27
0.34971502650246	0.366601201258317	0.591842475386779	27
0.326128344119691	0.34638472237561	0.592855133614627	27
0.306905376589596	0.325207982009846	0.593867791842475	27
0.290126255048096	0.305989165120117	0.594880450070324	27
0.119521194959517	0.287575984205764	0.595893108298172	27
0.191922653625789	0.281792225688687	0.59690576652602	27
0.284875241519552	0.468979923495427	0.597918424753868	27
0.214430514881294	0.301380010117301	0.598931082981716	27
0.120206523688827	0.209833738883316	0.599943741209564	27
0.0520981759788436	0.140357675544973	0.600956399437412	27
0.142392503278293	0.157069560456714	0.60196905766526	27
0.157348467970509	0.160474353762793	0.602981715893108	27
0.146491399853285	0.157441338240806	0.603994374120956	27
0.126251767897905	0.14568499085081	0.605007032348805	27
0.105696524173861	0.125414724465133	0.606019690576653	27
0.0615383166283895	0.103699131427984	0.607032348804501	27
0.0192452451165425	0.0579936537125611	0.608045007032349	27
0.0443367395979321	0.0601607075812911	0.609057665260197	27
0.0609644406530285	0.0738528756416	0.610070323488045	27
0.074650878884106	0.0985765973131681	0.611082981715893	27
0.0996950499874391	0.148409877151774	0.612095639943741	27
0.148558865578738	0.151047686890165	0.613108298171589	27
0.150601328451826	0.15986931490072	0.614120956399438	27
0.160792838806718	0.272030725316447	0.615133614627286	27
0.12895349223775	0.192702035783092	0.616146272855134	27
0.0864793252454612	0.126576172148474	0.617158931082982	27
0.0358562919043342	0.0831300541273421	0.61817158931083	27
0.0124931861939427	0.0371423461261391	0.619184247538678	27
0.0398324172024059	0.108009521016745	0.620196905766526	27
0.11757291761217	0.270567812266257	0.621209563994374	27
0.205634713737273	0.29485844389043	0.622222222222222	27
0.278027776370116	0.540047436233444	0.62323488045007	27
0.237425341947619	0.276036849845086	0.624247538677918	27
0.101217758216523	0.235726669147735	0.625260196905767	27
0.158211592688941	0.189434398982164	0.626272855133615	27
0.104534258970829	0.156128432575449	0.627285513361463	27
0.0696902952500889	0.095842148617161	0.628298171589311	27
0.0267724371419565	0.0661306166125412	0.629310829817159	27
0.0439730834795903	0.0641748319921007	0.630323488045007	27
0.0647314170569891	0.103382739664385	0.631336146272855	27
0.0945467127172078	0.102757829114718	0.632348804500703	27
0.0331144105055677	0.0971954698910017	0.633361462728551	27
0.0692772530418572	0.109313446042613	0.634374120956399	27
0.0965896085613895	0.0983784033065394	0.635386779184248	27
0.0985395605115801	0.102067298543909	0.636399437412096	27
0.100107704211321	0.102415339339996	0.637412095639944	27
0.0963533735655913	0.100060730198676	0.638424753867792	27
0.0543821945351831	0.0964633710878044	0.63943741209564	27
0.0723375022182486	0.0824258480386246	0.640450070323488	27
0.0254822524715	0.0713601042811077	0.641462728551336	27
0.0166407862593089	0.0624887047316904	0.642475386779184	27
0.0667701578548915	0.130499060361247	0.643488045007032	27
0.133239258804444	0.157746655130246	0.64450070323488	27
0.088476228351304	0.238929919957054	0.645513361462729	27
0.24388735430479	0.37685115007724	0.646526019690577	27
0.0704043943975455	0.475193637334283	0.647538677918425	27
0.0627500396818186	0.101849966483456	0.648551336146273	27
0.0285023705039724	0.0795539686630496	0.649563994374121	27
0.022044918902216	0.173978987755578	0.650576652601969	27
0.186377158819727	0.75993482574821	0.651589310829817	27
0.212342008798072	0.305257932113475	0.652601969057665	27
0.114971853095111	0.273942807082705	0.653614627285513	27
0.0109676404629811	0.376482113178645	0.654627285513362	27
0.0163654540585663	0.0250806519036682	0.65563994374121	27
0.00221848686472994	0.0154366623317181	0.656652601969058	27
0.0137469824829062	0.0157020957222259	0.657665260196906	27
0.00461176858055015	0.0133207216107023	0.658677918424754	27
0.00562144825125317	0.0367864842855511	0.659690576652602	27
0.00707008810870987	0.0396162933807939	0.66070323488045	27
0.00817557814874976	0.0157678010968242	0.661715893108298	27
0.0161798168197463	0.0209362998238009	0.662728551336146	27
0.021228765984893	0.0235284028374486	0.663741209563994	27
0.0205658306307069	0.0265225038063817	0.664753867791842	27
0.0104830788783544	0.0264212129116492	0.665766526019691	27
0.00219569972425694	0.020521143141028	0.666779184247539	27
0.0230663037390357	0.0832392431861319	0.667791842475387	27
0.088523613971908	0.296664281191819	0.668804500703235	27
0.320019576966873	0.66948772782078	0.669817158931083	27
0.316770467200168	0.327186837089429	0.670829817158931	27
0.327913632436839	0.33514907454761	0.671842475386779	27
0.322867209238839	0.335197183537302	0.672855133614627	27
0.305996247025958	0.321961505223641	0.673867791842475	27
0.273300326995841	0.305131029394187	0.674880450070324	27
0.103704521257068	0.273147223865967	0.675893108298172	27
0.109541119958681	0.20510135436245	0.67690576652602	27
0.21071722920346	0.258378137649146	0.677918424753868	27
0.260428984749586	0.288191557530635	0.678931082981716	27
0.289277905330996	0.304920001560937	0.679943741209564	27
0.305797414829045	0.314836794247775	0.680956399437412	27
0.310757490339322	0.386515661911268	0.68196905766526	27
0.371968470876745	0.374419711358246	0.682981715893108	27
0.371698367751027	0.376081879802045	0.683994374120957	27
0.374525552521881	0.377284096463556	0.685007032348804	27
0.37090077471663	0.374470655421935	0.686019690576653	27
0.340707806793989	0.369807109082675	0.687032348804501	27
0.277937223288288	0.338057361369388	0.688045007032349	27
0.185199353692133	0.273050172519123	0.689057665260197	27
0.244348179803985	0.258066038913684	0.690070323488045	27
0.116546902134056	0.241662622840575	0.691082981715893	27
0.242261513317295	0.28545724998097	0.692095639943741	27
0.285008925976608	0.297595152806167	0.693108298171589	27
0.298443244255251	0.303922142996405	0.694120956399437	27
0.29946437116327	0.303163868222236	0.695133614627286	27
0.202656856311457	0.298602397795085	0.696146272855134	27
0.190815500466268	0.271473663780439	0.697158931082982	27
0.254080007869923	0.270718605343413	0.69817158931083	27
0.238743532999419	0.252931026227493	0.699184247538678	27
0.237593998880296	0.245391022836322	0.700196905766526	27
0.217464141596732	0.236413272835533	0.701209563994374	27
0.194903427321319	0.216324687405954	0.702222222222222	27
0.18776564030415	0.195720184236356	0.70323488045007	27
0.172842298702893	0.186837578230349	0.704247538677918	27
0.14823698141354	0.172821819531397	0.705260196905767	27
0.133656209667042	0.147161245626485	0.706272855133615	27
0.11558140862583	0.132721060870324	0.707285513361463	27
0.0959960263543133	0.114594766076442	0.708298171589311	27
0.0776644345432811	0.0949735947158519	0.709310829817159	27
0.0431466991625493	0.0767979092200929	0.710323488045007	27
0.0369026856654523	0.0404031055318885	0.711336146272855	27
0.0373118191630244	0.0538912866822587	0.712348804500703	27
0.0354685722873024	0.0446214061806926	0.713361462728551	27
0.0273690119181454	0.0347473525468995	0.714374120956399	27
0.0188549358132927	0.0270055328856917	0.715386779184248	27
0.00471850301283304	0.0182389632096212	0.716399437412096	27
0.00828213552454856	0.0138442157408817	0.717412095639944	27
0.0140474228927231	0.0164064022697729	0.718424753867792	27
0.0166362636414901	0.017730679543422	0.71943741209564	27
0.0174330627550337	0.0179186734708674	0.720450070323488	27
0.00963856967758374	0.0173157489204839	0.721462728551336	27
0.0082019588132622	0.00956053960490527	0.722475386779184	27
0.00686847593691776	0.00809888162360676	0.723488045007032	27
0.00223523486877447	0.00682181078395511	0.724500703234881	27
0.00224279239573404	0.00246697426023204	0.725513361462729	27
0.00248636934077659	0.00269242846849494	0.726526019690577	27
0.00242336866745689	0.00269910716870408	0.727538677918425	27
0.000335559639481395	0.0023750707661065	0.728551336146273	27
0.000353096860321402	0.000379666006416169	0.729563994374121	27
0.000380686264479914	0.000386988197227067	0.730576652601969	27
0.000386540489276002	0.00435926872512127	0.731589310829817	27
0.00444101797815342	0.0054951821903137	0.732601969057665	27
0.00555686971236586	0.00625710847021429	0.733614627285513	27
0.00629577282963128	0.021005658883488	0.734627285513361	27
0.0215740199058672	0.0264514311220976	0.73563994374121	27
0.0266649242839801	0.0304439745035443	0.736652601969058	27
0.0307412514210608	0.0397557084185421	0.737665260196906	27
0.0403966769343087	0.0778222976105935	0.738677918424754	27
0.0790423413437056	0.183758064285317	0.739690576652602	27
0.162450945295997	0.229931115727989	0.74070323488045	27
0.158403702486993	0.161742461743175	0.741715893108298	27
0.108950697428571	0.157736601632823	0.742728551336146	27
0.0806913865488149	0.107953491155351	0.743741209563994	27
0.0355394267819772	0.128780314413237	0.744753867791843	27
0.0751930890126883	0.122392539745484	0.745766526019691	27
0.0752232453610511	0.0797109176092637	0.746779184247539	27
0.0470702758854002	0.121900824380562	0.747791842475387	27
0.117233371775384	0.122801548690841	0.748804500703235	27
0.0834628905976657	0.116506731916548	0.749817158931083	27
0.0616162484884002	0.103708000262794	0.750829817158931	27
0.0892169099747152	0.104342250482271	0.751842475386779	27
0.03772664406224	0.0870295873420767	0.752855133614627	27
0.00890164451637113	0.0703812689191863	0.753867791842476	27
0.0541789576270648	0.0908537341192259	0.754880450070323	27
0.0259882658718948	0.0655126985515041	0.755893108298172	27
0.065971950250882	0.0720261084350503	0.75690576652602	27
0.0657236121765098	0.0719688382200249	0.757918424753868	27
0.0563084306479844	0.0652181653212213	0.758931082981716	27
0.0324442714588208	0.0554402110080433	0.759943741209564	27
0.0195848145949621	0.0411962745574351	0.760956399437412	27
0.0414603437300571	0.0498212892203787	0.76196905766526	27
0.0504323433178372	0.060402100515773	0.762981715893108	27
0.0611206904390428	0.0701534522465248	0.763994374120956	27
0.0711272469740524	0.109073114759007	0.765007032348805	27
0.0836322179042557	0.339305838027115	0.766019690576653	27
0.0594935578000466	0.0809283465816025	0.767032348804501	27
0.0503057801502357	0.0606768169638963	0.768045007032349	27
0.0391735031095472	0.0500781255238582	0.769057665260197	27
0.0275106141398102	0.323825869684315	0.770070323488045	27
0.335634012606314	0.476888365504452	0.771082981715893	27
0.497890382002733	0.789578418358296	0.772095639943741	27
0.543297684687766	0.951194756540762	0.773108298171589	27
0.470003178982856	0.538360042517427	0.774120956399437	27
0.448311355313671	0.825002185237782	0.775133614627285	27
0.043936624299406	0.554761027362777	0.776146272855134	27
0.0279466405829326	0.0598429344875168	0.777158931082982	27
0.0647539153022443	0.113240056507164	0.77817158931083	27
0.115480078202904	0.193759102976794	0.779184247538678	27
0.199932758047272	0.35926798138109	0.780196905766526	27
0.381249520837223	0.808938089877179	0.781209563994374	27
0.447326214991857	0.719078555708152	0.782222222222222	27
0.387422523802977	0.443325222855546	0.78323488045007	27
0.384683053673992	0.787856827627512	0.784247538677918	27
0.458201552721292	0.562517467414996	0.785260196905767	27
0.293761899088725	0.45065518689065	0.786272855133615	27
0.141626456104093	0.301243041491564	0.787229254571027	27
0.154585757309992	0.296449963240465	0.788185654008439	27
0.30245611384437	0.33965109820039	0.789142053445851	27
0.306114929900471	0.337363297345491	0.790098452883263	27
0.155619818787353	0.302299117331317	0.791054852320675	27
0.064309370465535	0.255939554072095	0.792011251758087	27
0.257272690252255	0.267848839927932	0.792967651195499	27
0.256997465754601	0.267493872351656	0.793924050632911	27
0.250897673646637	0.256267271150798	0.794880450070323	27
0.254240608006199	0.266368511399247	0.795836849507736	27
0.163446253246753	0.281864332449711	0.796793248945148	27
0.274162324577762	0.397276823709535	0.79774964838256	27
0.19581922597434	0.3719083040952	0.798706047819972	27
0.373517012820289	0.384564444714843	0.799662447257384	27
0.356886277580766	0.391478802760877	0.800618846694796	27
0.200104282662717	0.380455821689364	0.801575246132208	27
0.366649228696867	0.450919559384539	0.80253164556962	27
0.458762612176704	0.519027123988188	0.803488045007032	27
0.518198172510454	0.52948818751074	0.804444444444444	27
0.501753864972372	0.518085841303606	0.805400843881857	27
0.436508021280418	0.5008706201981	0.806357243319269	27
0.369471392221464	0.432458323162136	0.807313642756681	27
0.297355944523128	0.365174373935855	0.808270042194093	27
0.236009118178424	0.29377315661785	0.809226441631505	27
0.124260509129498	0.232253711441889	0.810182841068917	27
0.0987350189726766	0.122762368760689	0.811139240506329	27
0.0749599734348405	0.0968668216048783	0.812095639943741	27
0.0191346561443784	0.0735940532811047	0.813052039381153	27
0.0165162805839751	0.019010910522193	0.814008438818565	27
0.0140719091349543	0.0163889585891189	0.814964838255978	27
0.0118911200464234	0.0139448974711656	0.81592123769339	27
0.011301009496353	0.0318296330044861	0.816877637130802	27
0.0309495177401163	0.0318424195212028	0.817834036568214	27
0.0283421145125712	0.0308429833469107	0.818790436005626	27
0.0283892274069261	0.0309592928229297	0.819746835443038	27
0.0453444450526254	0.0461394008213038	0.82070323488045	27
0.0443208166245466	0.0458543762475921	0.821659634317862	27
0.0413330127066466	0.0442257742381567	0.822616033755274	27
0.0372479377262139	0.0410404624851711	0.823572433192686	27
0.0334106309976293	0.0370709278299447	0.824528832630099	27
0.0269474537782041	0.0331419444361761	0.825485232067511	27
0.020337286691218	0.0264584778881202	0.826441631504923	27
0.0171340751970182	0.0204878443272477	0.827398030942335	27
0.00475906853134139	0.016681279817114	0.828354430379747	27
0.0083574598088951	0.0158058193713998	0.829310829817159	27
0.0161706506005495	0.0213344606044423	0.830267229254571	27
0.0216464376492229	0.0279568574419965	0.831223628691983	27
0.0282504968136669	0.031628885447674	0.832180028129395	27
0.0314106590639889	0.0342149678840145	0.833136427566807	27
0.0343802053446152	0.0373470934395605	0.83409282700422	27
0.0375750750548479	0.0395770941176864	0.835049226441632	27
0.0397142543752177	0.040979935149484	0.836005625879044	27
0.028974029475251	0.0422747895415813	0.836962025316456	27
0.0282789432385929	0.0304731137922743	0.837918424753868	27
0.0306256473697839	0.032307410990426	0.83887482419128	27
0.0323775885642364	0.0329392025202532	0.839831223628692	27
0.0329682461998627	0.0379688614440152	0.840787623066104	27
0.0381655774897093	0.0563489786172056	0.841744022503516	27
0.0543837448138318	0.0556233496678402	0.842700421940928	27
0.0541877644489386	0.0548049776117847	0.843656821378341	27
0.0543369197520372	0.0589440324871837	0.844613220815752	27
0.0590804967274554	0.061621757624311	0.845569620253164	27
0.0438918621807276	0.0636162404295364	0.846526019690577	27
0.0417344958236164	0.044357731065131	0.847482419127989	27
0.0430981605583918	0.0448679895313831	0.848438818565401	27
0.0444811605760485	0.0691509939647662	0.849395218002813	27
0.0638364953504688	0.0688753130133909	0.850351617440225	27
0.0570329817915364	0.0635239482195374	0.851308016877637	27
0.0524253840146477	0.056682215568719	0.852264416315049	27
0.0432261985617969	0.0519788897234616	0.853220815752461	27
0.0313511150775611	0.0425837538658242	0.854177215189873	27
0.0163515711894254	0.0306066651526657	0.855133614627286	27
0.0269028292572738	0.0302216393527621	0.856090014064698	27
0.0287526575362258	0.0307365531356973	0.85704641350211	27
0.0165082795367539	0.0285520665002252	0.858002812939522	27
0.0124099119702113	0.016262229013172	0.858959212376934	27
0.00719626216450099	0.0234089430935807	0.859915611814346	27
0.0236785893801985	0.025313225763522	0.860872011251758	27
0.0252610777354134	0.0255129711267195	0.86182841068917	27
0.025575673516738	0.0276581397321289	0.862784810126582	27
0.0277890276423394	0.0296579956527134	0.863741209563994	27
0.0189188312252101	0.0299431532322192	0.864697609001406	27
0.0189218960087465	0.0305135609654251	0.865654008438819	27
0.0305730569896261	0.0312109844150285	0.866610407876231	27
0.0303864406322535	0.0312124273537352	0.867566807313643	27
0.028649727312467	0.0302906704731511	0.868523206751055	27
0.0289953061340193	0.0325917027909059	0.869479606188467	27
0.0328687706652818	0.0367910829718427	0.870436005625879	27
0.0369893284765668	0.0381649763401205	0.871392405063291	27
0.0381343597250486	0.0400138774970753	0.872348804500703	27
0.0401233462577156	0.041642012252071	0.873305203938115	27
0.0282980843125696	0.0424782983018982	0.874261603375527	27
0.0264571032640794	0.0417706271284295	0.87521800281294	27
0.0390806277385075	0.0416565095153726	0.876174402250352	27
0.0359893204721578	0.0388841932250668	0.877130801687764	27
0.0334935626185715	0.035820550820231	0.878087201125176	27
0.0310858336539309	0.0333240645145479	0.879043600562588	27
0.0167743795589605	0.0308527138155743	0.88	27
0.0137827912718942	0.0166174078417242	0.880956399437412	27
0.000289697549533847	0.0135379143553173	0.881912798874824	27
0.00231677371860759	0.0135912508832364	0.882869198312236	27
0.0142558735496421	0.027887116874626	0.883825597749648	27
0.0287785406530851	0.0527238782230276	0.884781997187061	27
0.0533492804456188	0.0617725706294934	0.885738396624473	27
0.0450951154538478	0.0633957912607783	0.886694796061885	27
0.00101234199594657	0.0697737469089051	0.887651195499297	27
0.0784405946173904	0.206854776179442	0.888607594936709	27
0.213972110749653	0.312422777751161	0.889563994374121	27
0.315763811409103	0.377580202381435	0.890520393811533	27
0.381310102462429	0.434943771473954	0.891476793248945	27
0.404417875541554	0.436608741423779	0.892433192686357	27
0.276971112115226	0.501338883110683	0.893389592123769	27
0.506994016829578	0.587108190513388	0.894345991561182	27
0.591559225142925	0.652565658110441	0.895302390998594	27
0.655881481002604	0.702237872937427	0.896258790436006	27
0.704380110092718	0.728337261151573	0.897215189873418	27
0.729676089437527	0.748706566085889	0.89817158931083	27
0.749484056813871	0.763081485658205	0.899127988748242	27
0.76369707962131	0.771439277816122	0.900084388185654	27
0.771853562069588	0.780634128776477	0.901040787623066	27
0.781125660512079	0.788098727494111	0.901997187060478	27
0.788627248901023	0.795892317682324	0.90295358649789	27
0.796323801673005	0.801752738607551	0.903909985935302	27
0.802403151082541	0.809990814396762	0.904866385372715	27
0.809082211543437	0.820973435589913	0.905822784810127	27
0.821561302370695	0.833419763067099	0.906779184247539	27
0.772939990507729	0.834083675662813	0.907735583684951	27
0.8260277787032	0.840513878421738	0.908691983122363	27
0.384260941580077	0.827826360775793	0.909648382559775	27
0.698363999196733	0.803919040477814	0.910604781997187	27
0.767369816875671	0.805228189009919	0.911561181434599	27
0.0322625234390148	0.760203204681466	0.912517580872011	27
0.529312153987363	0.856664033120918	0.913473980309423	27
0.875793386560217	0.968959481525241	0.914430379746836	27
0.869067240833491	0.906565746149498	0.915386779184247	27
0.782525109423644	0.923629789979373	0.91634317862166	27
0.925111209529029	0.93510773768415	0.917299578059072	27
0.935342683364188	0.939354835623701	0.918255977496484	27
0.939681719280438	0.945217553550701	0.919212376933896	27
0.945216757250099	0.945933601365986	0.920168776371308	27
0.943917484288568	0.945447141350683	0.92112517580872	27
0.93684188889136	0.943549708696121	0.922081575246132	27
0.924652649572328	0.936270633579929	0.923037974683544	27
0.904598679980843	0.923821769463075	0.923994374120957	27
0.855128697907736	0.901345177478009	0.924950773558369	27
0.76286421745292	0.850034161873708	0.925907172995781	27
0.605385142402624	0.753545990327569	0.926863572433193	27
0.6202130219427	0.629773008757045	0.927819971870605	27
0.626553563343075	0.630997413867257	0.928776371308017	27
0.621607625342736	0.627513941482182	0.929732770745429	27
0.620103947486686	0.622357250952816	0.930689170182841	27
0.617014320102901	0.62357389618647	0.931645569620253	27
0.62443310411243	0.632463008938645	0.932601969057665	27
0.630936241905122	0.655102029409558	0.933558368495077	27
0.656620478486646	0.682704661431501	0.934514767932489	27
0.683267545573639	0.703653509404942	0.935471167369901	27
0.704369707960222	0.711285316642697	0.936427566807314	27
0.71129500078062	0.713628193877539	0.937383966244726	27
0.693543344717669	0.711916374689494	0.938340365682138	27
0.646675875502662	0.691385155326906	0.93929676511955	27
0.573492896244109	0.643707751296701	0.940253164556962	27
0.486152779241535	0.567722126741272	0.941209563994374	27
0.472114497552857	0.481690709019407	0.942165963431786	27
0.478789528430079	0.497960843330104	0.943122362869198	27
0.501366435844842	0.554551213983122	0.94407876230661	27
0.558721173141081	0.607668347788832	0.945035161744022	27
0.609423834963407	0.638401182297552	0.945991561181435	27
0.639684546002806	0.661679701810674	0.946947960618847	27
0.663088720563717	0.680031292475792	0.947904360056259	27
0.680469306522378	0.688375794624508	0.948860759493671	27
0.689126152086332	0.696514971706364	0.949817158931083	27
0.696409919821991	0.704313471947981	0.950773558368495	27
0.694772645469848	0.713809871029167	0.951729957805907	27
0.620830227768913	0.689307120411469	0.952686357243319	27
0.526351391448083	0.616683218998189	0.953642756680731	27
0.309561803139869	0.52044986899027	0.954599156118143	27
0.0785104638538884	0.463757024621823	0.955555555555556	27
0.485655745442626	0.683126124568347	0.956511954992968	27
0.692108118790319	0.778456531060176	0.95746835443038	27
0.777004179611979	0.797878821718589	0.958424753867792	27
0.783462536272323	0.798885369091245	0.959381153305204	27
0.776777698365275	0.782038699469112	0.960337552742616	27
0.779130193240084	0.805391695807515	0.961293952180028	27
0.799633799606387	0.805312313287674	0.96225035161744	27
0.783720486500835	0.803333740641902	0.963206751054852	27
0.734954830644882	0.781187180844207	0.964163150492264	27
0.678223284951686	0.731537527220495	0.965119549929677	27
0.58271197961966	0.673836261902794	0.966075949367089	27
0.453112984401278	0.576542410216633	0.967032348804501	27
0.119154940744322	0.441301306761845	0.967988748241913	27
0.186952320085087	0.418639815994382	0.968945147679325	27
0.426977696425146	0.523117349366542	0.969901547116737	27
0.527194213149437	0.585192811398827	0.970857946554149	27
0.59002121098029	0.656926118203074	0.971814345991561	27
0.660149682226115	0.711398884804066	0.972770745428973	27
0.714867546355985	0.754097921890402	0.973727144866385	27
0.671838296911461	0.755572125680654	0.974683544303798	27
0.680044689757281	0.695962288927784	0.97563994374121	27
0.696676669122083	0.701791841753162	0.976596343178622	27
0.419557148514873	0.697675072323882	0.977552742616034	27
0.418413599714668	0.632335168507947	0.978509142053446	27
0.650337880500637	0.697640186004951	0.979465541490858	27
0.698310236695437	0.708073902302974	0.98042194092827	27
0.708446174712563	0.710381411975809	0.981378340365682	27
0.709170764148184	0.795843830223709	0.982334739803094	27
0.795827702867137	0.803831102394231	0.983291139240506	27
0.804422769589355	0.812784322682609	0.984247538677918	27
0.813306244191551	0.821996199379588	0.98520393811533	27
0.822383859550187	0.828427914289228	0.986160337552743	27
0.828739587668266	0.836656641327854	0.987116736990155	27
0.837319821046976	0.850547070335893	0.988073136427567	27
0.851360644452845	0.86439555036901	0.989029535864979	27
0.865182527708209	0.882622281187889	0.989985935302391	27
0.883575035632468	0.89978866026968	0.990942334739803	27
0.900670280506937	0.914997963495472	0.991898734177215	27
0.916042119416663	0.929351504525525	0.992855133614627	27
0.929984066359521	0.939597541841577	0.993811533052039	27
0.940134594438146	0.947575271409723	0.994767932489452	27
0.948034300184398	0.953939174020105	0.995724331926864	27
0.954247240173835	0.95928091644793	0.996680731364276	27
0.96000916315057	0.964372923880849	0.997637130801688	27
0.964505632296223	0.966988414558811	0.9985935302391	27
0.967150760241061	0.969163160724196	0.999549929676512	27
