fill	x	y	clickSelects	showSelected2	showSelected3
#F6F4BF	100	1	McGill0004	1	false.positive
#F6F4BF	100	1	McGill0005	1	false.positive
#F6F4BF	100	1	McGill0006	1	false.positive
#F6F4BF	100	1	McGill0007	1	false.positive
#F6F4BF	100	1	McGill0008	1	false.positive
#F6F4BF	100	1	McGill0009	1	false.positive
#F6F4BF	100	1	McGill0010	1	false.positive
#F6F4BF	100	1	McGill0011	1	false.positive
#F6F4BF	100	2	McGill0004	1	false.positive
#F6F4BF	100	2	McGill0005	1	false.positive
#F6F4BF	100	2	McGill0006	1	false.positive
#F6F4BF	100	2	McGill0007	1	false.positive
#F6F4BF	100	2	McGill0008	1	false.positive
#F6F4BF	100	2	McGill0009	1	false.positive
#F6F4BF	100	2	McGill0010	1	false.positive
#F6F4BF	100	2	McGill0011	1	false.positive
#F6F4BF	100	3	McGill0004	1	false.positive
#F6F4BF	100	3	McGill0005	1	false.positive
#F6F4BF	100	3	McGill0006	1	false.positive
#F6F4BF	100	3	McGill0007	1	false.positive
#F6F4BF	100	3	McGill0008	1	false.positive
#F6F4BF	100	3	McGill0009	1	false.positive
#F6F4BF	100	3	McGill0010	1	false.positive
#F6F4BF	100	3	McGill0011	1	false.positive
#F6F4BF	100	4	McGill0004	1	false.positive
#F6F4BF	100	4	McGill0005	1	false.positive
#F6F4BF	100	4	McGill0006	1	false.positive
#F6F4BF	100	4	McGill0007	1	false.positive
#F6F4BF	100	4	McGill0008	1	false.positive
#F6F4BF	100	4	McGill0009	1	false.positive
#F6F4BF	100	4	McGill0010	1	false.positive
#F6F4BF	100	4	McGill0011	1	false.positive
#F6F4BF	100	5	McGill0004	1	false.positive
#F6F4BF	100	5	McGill0005	1	false.positive
#F6F4BF	100	5	McGill0006	1	false.positive
#F6F4BF	100	5	McGill0007	1	false.positive
#F6F4BF	100	5	McGill0008	1	false.positive
#F6F4BF	100	5	McGill0009	1	false.positive
#F6F4BF	100	5	McGill0010	1	false.positive
#F6F4BF	100	5	McGill0011	1	false.positive
#F6F4BF	3.76720408965788	1	McGill0004	5	false.positive
#F6F4BF	4.75815965395203	1	McGill0006	5	false.positive
#F6F4BF	4.56940621313409	1	McGill0007	5	false.positive
#F6F4BF	11.2229650019662	1	McGill0011	5	false.positive
#F6F4BF	8.56468737711365	2	McGill0004	5	false.positive
#F6F4BF	0.125835627211954	2	McGill0005	5	false.positive
#F6F4BF	9.90955564294141	2	McGill0006	5	false.positive
#F6F4BF	13.6295713723948	2	McGill0007	5	false.positive
#F6F4BF	3.99528116397955	2	McGill0008	5	false.positive
#F6F4BF	3.92449862367283	2	McGill0009	5	false.positive
#F6F4BF	9.62642548171451	2	McGill0010	5	false.positive
#F6F4BF	7.46362563900904	2	McGill0011	5	false.positive
#F6F4BF	1.43138025953598	3	McGill0004	5	false.positive
#F6F4BF	3.76720408965788	3	McGill0005	5	false.positive
#F6F4BF	4.52221785292961	3	McGill0006	5	false.positive
#F6F4BF	2.8863546991742	3	McGill0007	5	false.positive
#F6F4BF	2.32795910342116	3	McGill0008	5	false.positive
#F6F4BF	3.56272119543846	3	McGill0009	5	false.positive
#F6F4BF	1.18757373181282	3	McGill0010	5	false.positive
#F6F4BF	2.72906016515926	3	McGill0011	5	false.positive
#F6F4BF	22.862760519072	4	McGill0004	5	false.positive
#F6F4BF	7.77821470703893	4	McGill0005	5	false.positive
#F6F4BF	26.158081006685	4	McGill0006	5	false.positive
#F6F4BF	27.0939834840739	4	McGill0007	5	false.positive
#F6F4BF	9.61069602831302	4	McGill0008	5	false.positive
#F6F4BF	11.4667715296893	4	McGill0009	5	false.positive
#F6F4BF	16.7361384191899	4	McGill0010	5	false.positive
#F6F4BF	19.1112858828156	4	McGill0011	5	false.positive
#F6F4BF	8.54109319701141	5	McGill0004	5	false.positive
#F6F4BF	1.1010617381046	5	McGill0005	5	false.positive
#F6F4BF	21.2583562721195	5	McGill0006	5	false.positive
#F6F4BF	6.92095949665749	5	McGill0007	5	false.positive
#F6F4BF	6.82658277624853	5	McGill0008	5	false.positive
#F6F4BF	4.89972473456547	5	McGill0009	5	false.positive
#F6F4BF	3.28745576091231	5	McGill0010	5	false.positive
#F6F4BF	19.2607156901298	5	McGill0011	5	false.positive
#F6F4BF	4.92331891466772	1	McGill0006	9	false.positive
#F6F4BF	4.34132913881243	1	McGill0007	9	false.positive
#F6F4BF	0.574125049154542	1	McGill0010	9	false.positive
#F6F4BF	4.39638222571766	1	McGill0011	9	false.positive
#F6F4BF	7.589461266221	2	McGill0004	9	false.positive
#F6F4BF	0.0943767204089658	2	McGill0005	9	false.positive
#F6F4BF	8.41525756979945	2	McGill0006	9	false.positive
#F6F4BF	9.61856075501376	2	McGill0007	9	false.positive
#F6F4BF	1.14038537160834	2	McGill0008	9	false.positive
#F6F4BF	2.98073141958317	2	McGill0009	9	false.positive
#F6F4BF	2.51671254423909	2	McGill0010	9	false.positive
#F6F4BF	5.90640975226111	2	McGill0011	9	false.positive
#F6F4BF	3.3031852143138	3	McGill0005	9	false.positive
#F6F4BF	1.21116791191506	3	McGill0006	9	false.positive
#F6F4BF	0.935902477388911	3	McGill0007	9	false.positive
#F6F4BF	1.46283916633897	3	McGill0008	9	false.positive
#F6F4BF	1.34486826582776	3	McGill0011	9	false.positive
#F6F4BF	10.3814392449862	4	McGill0004	9	false.positive
#F6F4BF	3.35037357451829	4	McGill0005	9	false.positive
#F6F4BF	27.0232009437672	4	McGill0006	9	false.positive
#F6F4BF	16.42154935116	4	McGill0007	9	false.positive
#F6F4BF	2.95713723948093	4	McGill0008	9	false.positive
#F6F4BF	7.62878489972473	4	McGill0009	9	false.positive
#F6F4BF	12.8352339756193	4	McGill0010	9	false.positive
#F6F4BF	10.9555642941408	4	McGill0011	9	false.positive
#F6F4BF	7.11757766417617	5	McGill0004	9	false.positive
#F6F4BF	1.01454974439638	5	McGill0005	9	false.positive
#F6F4BF	21.0302791977979	5	McGill0006	9	false.positive
#F6F4BF	3.53912701533622	5	McGill0007	9	false.positive
#F6F4BF	3.42902084152576	5	McGill0008	9	false.positive
#F6F4BF	1.61226897365317	5	McGill0009	9	false.positive
#F6F4BF	2.17852929610696	5	McGill0010	9	false.positive
#F6F4BF	7.62878489972473	5	McGill0011	9	false.positive
#F6F4BF	2.44593000393236	1	McGill0006	13	false.positive
#F6F4BF	3.32677939441604	1	McGill0007	13	false.positive
#F6F4BF	0.990955564294141	1	McGill0010	13	false.positive
#F6F4BF	4.37278804561541	1	McGill0011	13	false.positive
#F6F4BF	4.8368069209595	2	McGill0004	13	false.positive
#F6F4BF	0.0235941801022415	2	McGill0005	13	false.positive
#F6F4BF	5.48957923712151	2	McGill0006	13	false.positive
#F6F4BF	4.01101061738105	2	McGill0007	13	false.positive
#F6F4BF	0.0157294534014943	2	McGill0008	13	false.positive
#F6F4BF	2.28863546991742	2	McGill0009	13	false.positive
#F6F4BF	1.60440424695242	2	McGill0010	13	false.positive
#F6F4BF	2.67400707825403	2	McGill0011	13	false.positive
#F6F4BF	3.29532048761306	3	McGill0005	13	false.positive
#F6F4BF	1.6673220605584	3	McGill0006	13	false.positive
#F6F4BF	0.456154148643335	3	McGill0008	13	false.positive
#F6F4BF	1.07746755800236	3	McGill0011	13	false.positive
#F6F4BF	8.26582776248525	4	McGill0004	13	false.positive
#F6F4BF	2.47738891073535	4	McGill0005	13	false.positive
#F6F4BF	25.0098309083759	4	McGill0006	13	false.positive
#F6F4BF	13.1970114038537	4	McGill0007	13	false.positive
#F6F4BF	2.64254817145104	4	McGill0008	13	false.positive
#F6F4BF	5.42666142351553	4	McGill0009	13	false.positive
#F6F4BF	14.2823436885568	4	McGill0010	13	false.positive
#F6F4BF	9.70507274872198	4	McGill0011	13	false.positive
#F6F4BF	5.52890287062525	5	McGill0004	13	false.positive
#F6F4BF	0.581989775855289	5	McGill0005	13	false.positive
#F6F4BF	16.3429020841526	5	McGill0006	13	false.positive
#F6F4BF	2.02909948879276	5	McGill0007	13	false.positive
#F6F4BF	1.6515926071569	5	McGill0008	13	false.positive
#F6F4BF	0.967361384191899	5	McGill0009	13	false.positive
#F6F4BF	1.97404640188753	5	McGill0010	13	false.positive
#F6F4BF	5.47384978372002	5	McGill0011	13	false.positive
#F6F4BF	2.32795910342116	1	McGill0006	17	false.positive
#F6F4BF	2.90994887927645	1	McGill0007	17	false.positive
#F6F4BF	0.00786472670074715	1	McGill0009	17	false.positive
#F6F4BF	1.95831694848604	1	McGill0010	17	false.positive
#F6F4BF	3.74360990955564	1	McGill0011	17	false.positive
#F6F4BF	2.72906016515926	2	McGill0004	17	false.positive
#F6F4BF	4.34919386551317	2	McGill0006	17	false.positive
#F6F4BF	3.47620920173024	2	McGill0007	17	false.positive
#F6F4BF	0.05505308690523	2	McGill0008	17	false.positive
#F6F4BF	1.17970900511207	2	McGill0009	17	false.positive
#F6F4BF	1.56508061344868	2	McGill0010	17	false.positive
#F6F4BF	3.06724341329139	2	McGill0011	17	false.positive
#F6F4BF	3.3031852143138	3	McGill0005	17	false.positive
#F6F4BF	1.5178922532442	3	McGill0006	17	false.positive
#F6F4BF	8.98151789225325	4	McGill0004	17	false.positive
#F6F4BF	2.28863546991742	4	McGill0005	17	false.positive
#F6F4BF	25.7412504915454	4	McGill0006	17	false.positive
#F6F4BF	10.2791977978765	4	McGill0007	17	false.positive
#F6F4BF	2.57176563114432	4	McGill0008	17	false.positive
#F6F4BF	4.9705072748722	4	McGill0009	17	false.positive
#F6F4BF	14.5182854895792	4	McGill0010	17	false.positive
#F6F4BF	7.0232009437672	4	McGill0011	17	false.positive
#F6F4BF	5.42666142351553	5	McGill0004	17	false.positive
#F6F4BF	0.267400707825403	5	McGill0005	17	false.positive
#F6F4BF	17.0192685804168	5	McGill0006	17	false.positive
#F6F4BF	1.74596932756587	5	McGill0007	17	false.positive
#F6F4BF	0.747149036570979	5	McGill0008	17	false.positive
#F6F4BF	0.896578843885175	5	McGill0009	17	false.positive
#F6F4BF	1.6673220605584	5	McGill0010	17	false.positive
#F6F4BF	4.16044042469524	5	McGill0011	17	false.positive
#F6F4BF	2.24144710971294	1	McGill0006	21	false.positive
#F6F4BF	2.89421942587495	1	McGill0007	21	false.positive
#F6F4BF	0.00786472670074715	1	McGill0009	21	false.positive
#F6F4BF	2.09988202909949	1	McGill0010	21	false.positive
#F6F4BF	2.7526543452615	1	McGill0011	21	false.positive
#F6F4BF	2.04482894219426	2	McGill0004	21	false.positive
#F6F4BF	5.32441997640582	2	McGill0006	21	false.positive
#F6F4BF	3.53126228863547	2	McGill0007	21	false.positive
#F6F4BF	0.0707825403067244	2	McGill0008	21	false.positive
#F6F4BF	0.998820290994888	2	McGill0009	21	false.positive
#F6F4BF	1.7852929610696	2	McGill0010	21	false.positive
#F6F4BF	2.78411325206449	2	McGill0011	21	false.positive
#F6F4BF	3.34250884781754	3	McGill0005	21	false.positive
#F6F4BF	1.3841918993315	3	McGill0006	21	false.positive
#F6F4BF	0.558395595753048	3	McGill0007	21	false.positive
#F6F4BF	11.1993708218639	4	McGill0004	21	false.positive
#F6F4BF	2.23358238301219	4	McGill0005	21	false.positive
#F6F4BF	28.0377506881636	4	McGill0006	21	false.positive
#F6F4BF	10.3971686983877	4	McGill0007	21	false.positive
#F6F4BF	2.86276051907196	4	McGill0008	21	false.positive
#F6F4BF	4.06606370428628	4	McGill0009	21	false.positive
#F6F4BF	15.9103421156115	4	McGill0010	21	false.positive
#F6F4BF	6.43334644121117	4	McGill0011	21	false.positive
#F6F4BF	5.23004325599685	5	McGill0004	21	false.positive
#F6F4BF	0.117970900511207	5	McGill0005	21	false.positive
#F6F4BF	17.9866299646087	5	McGill0006	21	false.positive
#F6F4BF	1.3841918993315	5	McGill0007	21	false.positive
#F6F4BF	0.534801415650806	5	McGill0008	21	false.positive
#F6F4BF	0.448289421942588	5	McGill0009	21	false.positive
#F6F4BF	1.37632717263075	5	McGill0010	21	false.positive
#F6F4BF	3.38183248132127	5	McGill0011	21	false.positive
#F6F4BF	2.3515532835234	1	McGill0006	25	false.positive
#F6F4BF	1.43138025953598	1	McGill0007	25	false.positive
#F6F4BF	0.00786472670074715	1	McGill0009	25	false.positive
#F6F4BF	1.87180495477782	1	McGill0010	25	false.positive
#F6F4BF	2.32009437672041	1	McGill0011	25	false.positive
#F6F4BF	0.794337396775462	2	McGill0004	25	false.positive
#F6F4BF	4.10538733779001	2	McGill0006	25	false.positive
#F6F4BF	3.08297286669288	2	McGill0007	25	false.positive
#F6F4BF	0.125835627211954	2	McGill0008	25	false.positive
#F6F4BF	0.935902477388911	2	McGill0009	25	false.positive
#F6F4BF	1.02241447109713	2	McGill0010	25	false.positive
#F6F4BF	3.39756193472277	2	McGill0011	25	false.positive
#F6F4BF	3.3031852143138	3	McGill0005	25	false.positive
#F6F4BF	2.2021234762092	3	McGill0006	25	false.positive
#F6F4BF	0.0865119937082186	3	McGill0007	25	false.positive
#F6F4BF	0.00786472670074715	3	McGill0011	25	false.positive
#F6F4BF	11.073535194652	4	McGill0004	25	false.positive
#F6F4BF	2.32009437672041	4	McGill0005	25	false.positive
#F6F4BF	28.4309870232009	4	McGill0006	25	false.positive
#F6F4BF	11.0263468344475	4	McGill0007	25	false.positive
#F6F4BF	3.47620920173024	4	McGill0008	25	false.positive
#F6F4BF	3.97955171057806	4	McGill0009	25	false.positive
#F6F4BF	16.515926071569	4	McGill0010	25	false.positive
#F6F4BF	6.08729846637829	4	McGill0011	25	false.positive
#F6F4BF	5.31655524970507	5	McGill0004	25	false.positive
#F6F4BF	0.0629178136059772	5	McGill0005	25	false.positive
#F6F4BF	17.7349587101848	5	McGill0006	25	false.positive
#F6F4BF	0.778607943373968	5	McGill0007	25	false.positive
#F6F4BF	0.49547778214707	5	McGill0008	25	false.positive
#F6F4BF	0.361777428234369	5	McGill0009	25	false.positive
#F6F4BF	1.18757373181282	5	McGill0010	25	false.positive
#F6F4BF	1.55721588674794	5	McGill0011	25	false.positive
#F6F4BF	0.0314589068029886	1	McGill0004	29	false.positive
#F6F4BF	2.23358238301219	1	McGill0006	29	false.positive
#F6F4BF	0.33031852143138	1	McGill0007	29	false.positive
#F6F4BF	0.0393236335037357	1	McGill0009	29	false.positive
#F6F4BF	0.707825403067243	1	McGill0010	29	false.positive
#F6F4BF	1.89539913488006	1	McGill0011	29	false.positive
#F6F4BF	0.597719229256783	2	McGill0004	29	false.positive
#F6F4BF	2.83130161226897	2	McGill0006	29	false.positive
#F6F4BF	1.31340935902477	2	McGill0007	29	false.positive
#F6F4BF	0.133700353912702	2	McGill0008	29	false.positive
#F6F4BF	0.652772316162013	2	McGill0009	29	false.positive
#F6F4BF	0.912308297286669	2	McGill0010	29	false.positive
#F6F4BF	3.11443177349587	2	McGill0011	29	false.positive
#F6F4BF	0.0157294534014943	3	McGill0004	29	false.positive
#F6F4BF	3.68855682265041	3	McGill0005	29	false.positive
#F6F4BF	2.17852929610696	3	McGill0006	29	false.positive
#F6F4BF	0.935902477388911	3	McGill0007	29	false.positive
#F6F4BF	0.0314589068029886	3	McGill0008	29	false.positive
#F6F4BF	0.141565080613449	3	McGill0009	29	false.positive
#F6F4BF	0.0943767204089658	3	McGill0010	29	false.positive
#F6F4BF	0.00786472670074715	3	McGill0011	29	false.positive
#F6F4BF	10.1140385371608	4	McGill0004	29	false.positive
#F6F4BF	2.50098309083759	4	McGill0005	29	false.positive
#F6F4BF	27.0782540306724	4	McGill0006	29	false.positive
#F6F4BF	9.99606763664963	4	McGill0007	29	false.positive
#F6F4BF	2.96500196618168	4	McGill0008	29	false.positive
#F6F4BF	3.64923318914668	4	McGill0009	29	false.positive
#F6F4BF	16.0047188360204	4	McGill0010	29	false.positive
#F6F4BF	4.85253637436099	4	McGill0011	29	false.positive
#F6F4BF	5.54463232402674	5	McGill0004	29	false.positive
#F6F4BF	0.0393236335037357	5	McGill0005	29	false.positive
#F6F4BF	17.0428627605191	5	McGill0006	29	false.positive
#F6F4BF	0.44042469524184	5	McGill0007	29	false.positive
#F6F4BF	0.432559968541093	5	McGill0008	29	false.positive
#F6F4BF	0.259535981124656	5	McGill0009	29	false.positive
#F6F4BF	1.02241447109713	5	McGill0010	29	false.positive
#F6F4BF	0.825796303578451	5	McGill0011	29	false.positive
#F6F4BF	0.0865119937082186	1	McGill0004	34	false.positive
#F6F4BF	0.00786472670074715	1	McGill0005	34	false.positive
#F6F4BF	2.24144710971294	1	McGill0006	34	false.positive
#F6F4BF	0.133700353912702	1	McGill0007	34	false.positive
#F6F4BF	0.00786472670074715	1	McGill0008	34	false.positive
#F6F4BF	0.102241447109713	1	McGill0009	34	false.positive
#F6F4BF	0.267400707825403	1	McGill0010	34	false.positive
#F6F4BF	0.574125049154542	1	McGill0011	34	false.positive
#F6F4BF	0.16515926071569	2	McGill0004	34	false.positive
#F6F4BF	1.87966968147857	2	McGill0006	34	false.positive
#F6F4BF	0.33031852143138	2	McGill0007	34	false.positive
#F6F4BF	0.141565080613449	2	McGill0008	34	false.positive
#F6F4BF	0.519071962249312	2	McGill0009	34	false.positive
#F6F4BF	0.841525756979945	2	McGill0010	34	false.positive
#F6F4BF	3.44475029492725	2	McGill0011	34	false.positive
#F6F4BF	0.16515926071569	3	McGill0004	34	false.positive
#F6F4BF	3.94022807707432	3	McGill0005	34	false.positive
#F6F4BF	2.22571765631144	3	McGill0006	34	false.positive
#F6F4BF	1.47070389303972	3	McGill0007	34	false.positive
#F6F4BF	0.228077074321667	3	McGill0008	34	false.positive
#F6F4BF	0.251671254423909	3	McGill0009	34	false.positive
#F6F4BF	0.912308297286669	3	McGill0010	34	false.positive
#F6F4BF	0.0314589068029886	3	McGill0011	34	false.positive
#F6F4BF	7.01533621706646	4	McGill0004	34	false.positive
#F6F4BF	1.91112858828156	4	McGill0005	34	false.positive
#F6F4BF	26.1187573731813	4	McGill0006	34	false.positive
#F6F4BF	7.66810853322847	4	McGill0007	34	false.positive
#F6F4BF	2.49311836413685	4	McGill0008	34	false.positive
#F6F4BF	3.53126228863547	4	McGill0009	34	false.positive
#F6F4BF	13.9127015336217	4	McGill0010	34	false.positive
#F6F4BF	4.16830515139599	4	McGill0011	34	false.positive
#F6F4BF	5.49744396382226	5	McGill0004	34	false.positive
#F6F4BF	0.0707825403067244	5	McGill0005	34	false.positive
#F6F4BF	16.484467164766	5	McGill0006	34	false.positive
#F6F4BF	0.49547778214707	5	McGill0007	34	false.positive
#F6F4BF	0.204482894219426	5	McGill0008	34	false.positive
#F6F4BF	0.173023987416437	5	McGill0009	34	false.positive
#F6F4BF	0.967361384191899	5	McGill0010	34	false.positive
#F6F4BF	0.448289421942588	5	McGill0011	34	false.positive
#F6F4BF	0.11010617381046	1	McGill0004	38	false.positive
#F6F4BF	0.0235941801022415	1	McGill0005	38	false.positive
#F6F4BF	1.47070389303972	1	McGill0006	38	false.positive
#F6F4BF	0.251671254423909	1	McGill0007	38	false.positive
#F6F4BF	0.0157294534014943	1	McGill0008	38	false.positive
#F6F4BF	0.141565080613449	1	McGill0009	38	false.positive
#F6F4BF	0.141565080613449	1	McGill0010	38	false.positive
#F6F4BF	0.212347620920173	1	McGill0011	38	false.positive
#F6F4BF	0.102241447109713	2	McGill0004	38	false.positive
#F6F4BF	1.5178922532442	2	McGill0006	38	false.positive
#F6F4BF	0.251671254423909	2	McGill0007	38	false.positive
#F6F4BF	0.157294534014943	2	McGill0008	38	false.positive
#F6F4BF	0.314589068029886	2	McGill0009	38	false.positive
#F6F4BF	0.401101061738105	2	McGill0010	38	false.positive
#F6F4BF	3.07510813999214	2	McGill0011	38	false.positive
#F6F4BF	0.306724341329139	3	McGill0004	38	false.positive
#F6F4BF	4.14471097129375	3	McGill0005	38	false.positive
#F6F4BF	2.31222965001966	3	McGill0006	38	false.positive
#F6F4BF	2.28863546991742	3	McGill0007	38	false.positive
#F6F4BF	0.432559968541093	3	McGill0008	38	false.positive
#F6F4BF	0.212347620920173	3	McGill0009	38	false.positive
#F6F4BF	1.22689736531656	3	McGill0010	38	false.positive
#F6F4BF	0.11010617381046	3	McGill0011	38	false.positive
#F6F4BF	4.85253637436099	4	McGill0004	38	false.positive
#F6F4BF	1.28195045222179	4	McGill0005	38	false.positive
#F6F4BF	24.2941407786079	4	McGill0006	38	false.positive
#F6F4BF	7.32992528509634	4	McGill0007	38	false.positive
#F6F4BF	1.56508061344868	4	McGill0008	38	false.positive
#F6F4BF	3.37396775462053	4	McGill0009	38	false.positive
#F6F4BF	12.2532441997641	4	McGill0010	38	false.positive
#F6F4BF	3.33464412111679	4	McGill0011	38	false.positive
#F6F4BF	5.1042076287849	5	McGill0004	38	false.positive
#F6F4BF	0.11010617381046	5	McGill0005	38	false.positive
#F6F4BF	15.8081006685018	5	McGill0006	38	false.positive
#F6F4BF	0.998820290994888	5	McGill0007	38	false.positive
#F6F4BF	0.117970900511207	5	McGill0008	38	false.positive
#F6F4BF	0.22021234762092	5	McGill0009	38	false.positive
#F6F4BF	0.920173023987416	5	McGill0010	38	false.positive
#F6F4BF	0.464018875344082	5	McGill0011	38	false.positive
#F6F4BF	0.0707825403067244	1	McGill0004	42	false.positive
#F6F4BF	0.00786472670074715	1	McGill0005	42	false.positive
#F6F4BF	0.833661030279198	1	McGill0006	42	false.positive
#F6F4BF	0.0943767204089658	1	McGill0007	42	false.positive
#F6F4BF	0.00786472670074715	1	McGill0008	42	false.positive
#F6F4BF	0.188753440817932	1	McGill0009	42	false.positive
#F6F4BF	0.05505308690523	1	McGill0010	42	false.positive
#F6F4BF	0.0786472670074715	1	McGill0011	42	false.positive
#F6F4BF	0.0393236335037357	2	McGill0004	42	false.positive
#F6F4BF	0.38537160833661	2	McGill0006	42	false.positive
#F6F4BF	0.11010617381046	2	McGill0007	42	false.positive
#F6F4BF	0.149429807314196	2	McGill0008	42	false.positive
#F6F4BF	0.133700353912702	2	McGill0009	42	false.positive
#F6F4BF	0.235941801022415	2	McGill0010	42	false.positive
#F6F4BF	2.68973653165553	2	McGill0011	42	false.positive
#F6F4BF	0.141565080613449	3	McGill0004	42	false.positive
#F6F4BF	4.09752261108926	3	McGill0005	42	false.positive
#F6F4BF	1.73023987416437	3	McGill0006	42	false.positive
#F6F4BF	0.353912701533622	3	McGill0007	42	false.positive
#F6F4BF	0.361777428234369	3	McGill0008	42	false.positive
#F6F4BF	0.0865119937082186	3	McGill0009	42	false.positive
#F6F4BF	0.267400707825403	3	McGill0010	42	false.positive
#F6F4BF	0.117970900511207	3	McGill0011	42	false.positive
#F6F4BF	5.20644907589461	4	McGill0004	42	false.positive
#F6F4BF	0.0943767204089658	4	McGill0005	42	false.positive
#F6F4BF	17.9866299646087	4	McGill0006	42	false.positive
#F6F4BF	4.49075894612662	4	McGill0007	42	false.positive
#F6F4BF	0.448289421942588	4	McGill0008	42	false.positive
#F6F4BF	2.50098309083759	4	McGill0009	42	false.positive
#F6F4BF	9.23318914667715	4	McGill0010	42	false.positive
#F6F4BF	2.72906016515926	4	McGill0011	42	false.positive
#F6F4BF	3.68069209594967	5	McGill0004	42	false.positive
#F6F4BF	0.0707825403067244	5	McGill0005	42	false.positive
#F6F4BF	11.6712544239088	5	McGill0006	42	false.positive
#F6F4BF	0.865119937082186	5	McGill0007	42	false.positive
#F6F4BF	0.0786472670074715	5	McGill0008	42	false.positive
#F6F4BF	0.204482894219426	5	McGill0009	42	false.positive
#F6F4BF	0.802202123476209	5	McGill0010	42	false.positive
#F6F4BF	0.27526543452615	5	McGill0011	42	false.positive
#F6F4BF	0.0393236335037357	1	McGill0004	46	false.positive
#F6F4BF	0.613448682658278	1	McGill0006	46	false.positive
#F6F4BF	0.0157294534014943	1	McGill0007	46	false.positive
#F6F4BF	0.00786472670074715	1	McGill0008	46	false.positive
#F6F4BF	0.22021234762092	1	McGill0009	46	false.positive
#F6F4BF	0.0157294534014943	1	McGill0010	46	false.positive
#F6F4BF	0.05505308690523	1	McGill0011	46	false.positive
#F6F4BF	0.0235941801022415	2	McGill0004	46	false.positive
#F6F4BF	0.133700353912702	2	McGill0006	46	false.positive
#F6F4BF	0.0393236335037357	2	McGill0007	46	false.positive
#F6F4BF	0.0943767204089658	2	McGill0008	46	false.positive
#F6F4BF	0.0786472670074715	2	McGill0009	46	false.positive
#F6F4BF	0.11010617381046	2	McGill0010	46	false.positive
#F6F4BF	2.43020055053087	2	McGill0011	46	false.positive
#F6F4BF	0.0865119937082186	3	McGill0004	46	false.positive
#F6F4BF	3.96382225717656	3	McGill0005	46	false.positive
#F6F4BF	1.39205662603225	3	McGill0006	46	false.positive
#F6F4BF	0.0943767204089658	3	McGill0007	46	false.positive
#F6F4BF	0.251671254423909	3	McGill0008	46	false.positive
#F6F4BF	0.0235941801022415	3	McGill0009	46	false.positive
#F6F4BF	0.11010617381046	3	McGill0010	46	false.positive
#F6F4BF	0.0943767204089658	3	McGill0011	46	false.positive
#F6F4BF	5.02556036177743	4	McGill0004	46	false.positive
#F6F4BF	0.0157294534014943	4	McGill0005	46	false.positive
#F6F4BF	15.0452221785293	4	McGill0006	46	false.positive
#F6F4BF	2.72906016515926	4	McGill0007	46	false.positive
#F6F4BF	0.133700353912702	4	McGill0008	46	false.positive
#F6F4BF	1.41565080613449	4	McGill0009	46	false.positive
#F6F4BF	6.06370428627605	4	McGill0010	46	false.positive
#F6F4BF	1.58081006685018	4	McGill0011	46	false.positive
#F6F4BF	3.02791977978765	5	McGill0004	46	false.positive
#F6F4BF	0.0393236335037357	5	McGill0005	46	false.positive
#F6F4BF	8.32874557609123	5	McGill0006	46	false.positive
#F6F4BF	0.755013763271726	5	McGill0007	46	false.positive
#F6F4BF	0.05505308690523	5	McGill0008	46	false.positive
#F6F4BF	0.212347620920173	5	McGill0009	46	false.positive
#F6F4BF	0.668501769563508	5	McGill0010	46	false.positive
#F6F4BF	0.180888714117184	5	McGill0011	46	false.positive
#F6F4BF	0.0235941801022415	1	McGill0004	50	false.positive
#F6F4BF	0.369642154935116	1	McGill0006	50	false.positive
#F6F4BF	0.0157294534014943	1	McGill0007	50	false.positive
#F6F4BF	0.00786472670074715	1	McGill0008	50	false.positive
#F6F4BF	0.243806527723162	1	McGill0009	50	false.positive
#F6F4BF	0.00786472670074715	1	McGill0010	50	false.positive
#F6F4BF	0.0157294534014943	1	McGill0011	50	false.positive
#F6F4BF	0.0393236335037357	2	McGill0006	50	false.positive
#F6F4BF	0.0314589068029886	2	McGill0007	50	false.positive
#F6F4BF	0.0707825403067244	2	McGill0008	50	false.positive
#F6F4BF	0.05505308690523	2	McGill0009	50	false.positive
#F6F4BF	0.0707825403067244	2	McGill0010	50	false.positive
#F6F4BF	2.02123476209202	2	McGill0011	50	false.positive
#F6F4BF	0.0393236335037357	3	McGill0004	50	false.positive
#F6F4BF	3.82225717656311	3	McGill0005	50	false.positive
#F6F4BF	1.21116791191506	3	McGill0006	50	false.positive
#F6F4BF	0.0314589068029886	3	McGill0007	50	false.positive
#F6F4BF	0.16515926071569	3	McGill0008	50	false.positive
#F6F4BF	0.00786472670074715	3	McGill0009	50	false.positive
#F6F4BF	0.0629178136059772	3	McGill0010	50	false.positive
#F6F4BF	0.0629178136059772	3	McGill0011	50	false.positive
#F6F4BF	4.24695241840346	4	McGill0004	50	false.positive
#F6F4BF	12.8195045222179	4	McGill0006	50	false.positive
#F6F4BF	0.251671254423909	4	McGill0007	50	false.positive
#F6F4BF	0.0707825403067244	4	McGill0008	50	false.positive
#F6F4BF	0.794337396775462	4	McGill0009	50	false.positive
#F6F4BF	4.27841132520645	4	McGill0010	50	false.positive
#F6F4BF	0.0471883602044829	4	McGill0011	50	false.positive
#F6F4BF	2.22571765631144	5	McGill0004	50	false.positive
#F6F4BF	0.0314589068029886	5	McGill0005	50	false.positive
#F6F4BF	4.80534801415651	5	McGill0006	50	false.positive
#F6F4BF	0.196618167518679	5	McGill0007	50	false.positive
#F6F4BF	0.00786472670074715	5	McGill0008	50	false.positive
#F6F4BF	0.204482894219426	5	McGill0009	50	false.positive
#F6F4BF	0.5505308690523	5	McGill0010	50	false.positive
#F6F4BF	0.133700353912702	5	McGill0011	50	false.positive
#F6F4BF	0.0157294534014943	1	McGill0004	54	false.positive
#F6F4BF	0.212347620920173	1	McGill0006	54	false.positive
#F6F4BF	0.00786472670074715	1	McGill0008	54	false.positive
#F6F4BF	0.235941801022415	1	McGill0009	54	false.positive
#F6F4BF	0.00786472670074715	1	McGill0010	54	false.positive
#F6F4BF	0.0157294534014943	1	McGill0011	54	false.positive
#F6F4BF	0.0393236335037357	2	McGill0006	54	false.positive
#F6F4BF	0.0235941801022415	2	McGill0007	54	false.positive
#F6F4BF	0.0314589068029886	2	McGill0008	54	false.positive
#F6F4BF	0.0471883602044829	2	McGill0009	54	false.positive
#F6F4BF	0.0314589068029886	2	McGill0010	54	false.positive
#F6F4BF	1.6515926071569	2	McGill0011	54	false.positive
#F6F4BF	3.64136846244593	3	McGill0005	54	false.positive
#F6F4BF	1.02241447109713	3	McGill0006	54	false.positive
#F6F4BF	0.0865119937082186	3	McGill0008	54	false.positive
#F6F4BF	0.00786472670074715	3	McGill0009	54	false.positive
#F6F4BF	0.0235941801022415	3	McGill0010	54	false.positive
#F6F4BF	0.0393236335037357	3	McGill0011	54	false.positive
#F6F4BF	2.82343688556823	4	McGill0004	54	false.positive
#F6F4BF	10.7825403067243	4	McGill0006	54	false.positive
#F6F4BF	0.0707825403067244	4	McGill0007	54	false.positive
#F6F4BF	0.0235941801022415	4	McGill0008	54	false.positive
#F6F4BF	0.464018875344082	4	McGill0009	54	false.positive
#F6F4BF	3.77506881635863	4	McGill0010	54	false.positive
#F6F4BF	0.0235941801022415	4	McGill0011	54	false.positive
#F6F4BF	1.32913881242627	5	McGill0004	54	false.positive
#F6F4BF	3.00432559968541	5	McGill0006	54	false.positive
#F6F4BF	0.0786472670074715	5	McGill0007	54	false.positive
#F6F4BF	0.180888714117184	5	McGill0009	54	false.positive
#F6F4BF	0.424695241840346	5	McGill0010	54	false.positive
#F6F4BF	0.0707825403067244	5	McGill0011	54	false.positive
#F6F4BF	0.0865119937082186	1	McGill0006	58	false.positive
#F6F4BF	0.173023987416437	1	McGill0009	58	false.positive
#F6F4BF	0.00786472670074715	1	McGill0011	58	false.positive
#F6F4BF	0.0471883602044829	2	McGill0006	58	false.positive
#F6F4BF	0.0157294534014943	2	McGill0007	58	false.positive
#F6F4BF	0.0235941801022415	2	McGill0008	58	false.positive
#F6F4BF	0.0157294534014943	2	McGill0009	58	false.positive
#F6F4BF	0.00786472670074715	2	McGill0010	58	false.positive
#F6F4BF	1.17184427841133	2	McGill0011	58	false.positive
#F6F4BF	3.15375540699961	3	McGill0005	58	false.positive
#F6F4BF	0.857255210381439	3	McGill0006	58	false.positive
#F6F4BF	0.0393236335037357	3	McGill0008	58	false.positive
#F6F4BF	0.00786472670074715	3	McGill0009	58	false.positive
#F6F4BF	0.0393236335037357	3	McGill0011	58	false.positive
#F6F4BF	1.73023987416437	4	McGill0004	58	false.positive
#F6F4BF	8.50176956350767	4	McGill0006	58	false.positive
#F6F4BF	0.00786472670074715	4	McGill0007	58	false.positive
#F6F4BF	0.0865119937082186	4	McGill0009	58	false.positive
#F6F4BF	2.69760125835627	4	McGill0010	58	false.positive
#F6F4BF	0.00786472670074715	4	McGill0011	58	false.positive
#F6F4BF	0.849390483680692	5	McGill0004	58	false.positive
#F6F4BF	1.39992135273299	5	McGill0006	58	false.positive
#F6F4BF	0.0393236335037357	5	McGill0007	58	false.positive
#F6F4BF	0.141565080613449	5	McGill0009	58	false.positive
#F6F4BF	0.251671254423909	5	McGill0010	58	false.positive
#F6F4BF	0.0235941801022415	5	McGill0011	58	false.positive
#F6F4BF	0.0471883602044829	1	McGill0006	62	false.positive
#F6F4BF	0.0629178136059772	1	McGill0009	62	false.positive
#F6F4BF	0.00786472670074715	1	McGill0011	62	false.positive
#F6F4BF	0.0471883602044829	2	McGill0006	62	false.positive
#F6F4BF	0.00786472670074715	2	McGill0007	62	false.positive
#F6F4BF	0.0157294534014943	2	McGill0008	62	false.positive
#F6F4BF	0.00786472670074715	2	McGill0009	62	false.positive
#F6F4BF	0.00786472670074715	2	McGill0010	62	false.positive
#F6F4BF	0.770743216673221	2	McGill0011	62	false.positive
#F6F4BF	2.25717656311443	3	McGill0005	62	false.positive
#F6F4BF	0.865119937082186	3	McGill0006	62	false.positive
#F6F4BF	0.0157294534014943	3	McGill0008	62	false.positive
#F6F4BF	0.00786472670074715	3	McGill0009	62	false.positive
#F6F4BF	0.05505308690523	3	McGill0011	62	false.positive
#F6F4BF	0.928037750688163	4	McGill0004	62	false.positive
#F6F4BF	6.30751081399921	4	McGill0006	62	false.positive
#F6F4BF	0.0235941801022415	4	McGill0009	62	false.positive
#F6F4BF	2.41447109712937	4	McGill0010	62	false.positive
#F6F4BF	0.00786472670074715	4	McGill0011	62	false.positive
#F6F4BF	0.432559968541093	5	McGill0004	62	false.positive
#F6F4BF	0.448289421942588	5	McGill0006	62	false.positive
#F6F4BF	0.0235941801022415	5	McGill0007	62	false.positive
#F6F4BF	0.0471883602044829	5	McGill0009	62	false.positive
#F6F4BF	0.0235941801022415	1	McGill0006	67	false.positive
#F6F4BF	0.0314589068029886	1	McGill0009	67	false.positive
#F6F4BF	0.0314589068029886	2	McGill0006	67	false.positive
#F6F4BF	0.00786472670074715	2	McGill0007	67	false.positive
#F6F4BF	0.0157294534014943	2	McGill0008	67	false.positive
#F6F4BF	0.00786472670074715	2	McGill0009	67	false.positive
#F6F4BF	0.27526543452615	2	McGill0011	67	false.positive
#F6F4BF	1.42351553283523	3	McGill0005	67	false.positive
#F6F4BF	0.802202123476209	3	McGill0006	67	false.positive
#F6F4BF	0.00786472670074715	3	McGill0008	67	false.positive
#F6F4BF	0.0786472670074715	3	McGill0011	67	false.positive
#F6F4BF	0.267400707825403	4	McGill0004	67	false.positive
#F6F4BF	4.19976405819898	4	McGill0006	67	false.positive
#F6F4BF	1.53362170664569	4	McGill0010	67	false.positive
#F6F4BF	0.00786472670074715	4	McGill0011	67	false.positive
#F6F4BF	0.204482894219426	5	McGill0004	67	false.positive
#F6F4BF	0.322453794730633	5	McGill0006	67	false.positive
#F6F4BF	0.0157294534014943	5	McGill0007	67	false.positive
#F6F4BF	0.0235941801022415	5	McGill0009	67	false.positive
#F6F4BF	0.00786472670074715	1	McGill0006	71	false.positive
#F6F4BF	0.0235941801022415	1	McGill0009	71	false.positive
#F6F4BF	0.0235941801022415	2	McGill0006	71	false.positive
#F6F4BF	0.00786472670074715	2	McGill0007	71	false.positive
#F6F4BF	0.00786472670074715	2	McGill0009	71	false.positive
#F6F4BF	0.149429807314196	2	McGill0011	71	false.positive
#F6F4BF	0.849390483680692	3	McGill0005	71	false.positive
#F6F4BF	0.739284309870232	3	McGill0006	71	false.positive
#F6F4BF	0.00786472670074715	3	McGill0008	71	false.positive
#F6F4BF	0.0865119937082186	3	McGill0011	71	false.positive
#F6F4BF	0.0235941801022415	4	McGill0004	71	false.positive
#F6F4BF	3.04364923318915	4	McGill0006	71	false.positive
#F6F4BF	1.18757373181282	4	McGill0010	71	false.positive
#F6F4BF	0.00786472670074715	4	McGill0011	71	false.positive
#F6F4BF	0.117970900511207	5	McGill0004	71	false.positive
#F6F4BF	0.283130161226897	5	McGill0006	71	false.positive
#F6F4BF	0.00786472670074715	5	McGill0007	71	false.positive
#F6F4BF	0.0235941801022415	5	McGill0009	71	false.positive
#F6F4BF	0.00786472670074715	5	McGill0011	71	false.positive
#F6F4BF	0.00786472670074715	1	McGill0009	75	false.positive
#F6F4BF	0.00786472670074715	2	McGill0006	75	false.positive
#F6F4BF	0.00786472670074715	2	McGill0007	75	false.positive
#F6F4BF	0.00786472670074715	2	McGill0009	75	false.positive
#F6F4BF	0.0471883602044829	2	McGill0011	75	false.positive
#F6F4BF	0.416830515139599	3	McGill0005	75	false.positive
#F6F4BF	0.621313409359025	3	McGill0006	75	false.positive
#F6F4BF	0.0865119937082186	3	McGill0011	75	false.positive
#F6F4BF	2.09201730239874	4	McGill0006	75	false.positive
#F6F4BF	0.723554856468738	4	McGill0010	75	false.positive
#F6F4BF	0.00786472670074715	4	McGill0011	75	false.positive
#F6F4BF	0.05505308690523	5	McGill0004	75	false.positive
#F6F4BF	0.235941801022415	5	McGill0006	75	false.positive
#F6F4BF	0.00786472670074715	5	McGill0007	75	false.positive
#F6F4BF	0.0235941801022415	5	McGill0009	75	false.positive
#F6F4BF	0.00786472670074715	5	McGill0011	75	false.positive
#F6F4BF	0.00786472670074715	1	McGill0009	79	false.positive
#F6F4BF	0.00786472670074715	2	McGill0006	79	false.positive
#F6F4BF	0.00786472670074715	2	McGill0007	79	false.positive
#F6F4BF	0.00786472670074715	2	McGill0009	79	false.positive
#F6F4BF	0.0157294534014943	2	McGill0011	79	false.positive
#F6F4BF	0.173023987416437	3	McGill0005	79	false.positive
#F6F4BF	0.487613055446323	3	McGill0006	79	false.positive
#F6F4BF	0.0707825403067244	3	McGill0011	79	false.positive
#F6F4BF	0.983090837593394	4	McGill0006	79	false.positive
#F6F4BF	0.00786472670074715	4	McGill0011	79	false.positive
#F6F4BF	0.0157294534014943	5	McGill0004	79	false.positive
#F6F4BF	0.196618167518679	5	McGill0006	79	false.positive
#F6F4BF	0.00786472670074715	5	McGill0007	79	false.positive
#F6F4BF	0.0235941801022415	5	McGill0009	79	false.positive
#F6F4BF	0.00786472670074715	5	McGill0011	79	false.positive
#F6F4BF	0.00786472670074715	2	McGill0006	83	false.positive
#F6F4BF	0.0865119937082186	3	McGill0005	83	false.positive
#F6F4BF	0.290994887927645	3	McGill0006	83	false.positive
#F6F4BF	0.0471883602044829	3	McGill0011	83	false.positive
#F6F4BF	0.0157294534014943	4	McGill0006	83	false.positive
#F6F4BF	0.141565080613449	5	McGill0006	83	false.positive
#F6F4BF	0.0235941801022415	5	McGill0009	83	false.positive
#F6F4BF	0.00786472670074715	2	McGill0006	87	false.positive
#F6F4BF	0.05505308690523	3	McGill0005	87	false.positive
#F6F4BF	0.117970900511207	3	McGill0006	87	false.positive
#F6F4BF	0.00786472670074715	3	McGill0011	87	false.positive
#F6F4BF	0.00786472670074715	4	McGill0006	87	false.positive
#F6F4BF	0.0786472670074715	5	McGill0006	87	false.positive
#F6F4BF	0.0235941801022415	5	McGill0009	87	false.positive
#F6F4BF	0.00786472670074715	2	McGill0006	91	false.positive
#F6F4BF	0.0393236335037357	3	McGill0005	91	false.positive
#F6F4BF	0.05505308690523	3	McGill0006	91	false.positive
#F6F4BF	0.00786472670074715	3	McGill0011	91	false.positive
#F6F4BF	0.00786472670074715	4	McGill0006	91	false.positive
#F6F4BF	0.0235941801022415	5	McGill0006	91	false.positive
#F6F4BF	0.0235941801022415	5	McGill0009	91	false.positive
#F6F4BF	0.00786472670074715	2	McGill0006	95	false.positive
#F6F4BF	0.0157294534014943	3	McGill0005	95	false.positive
#F6F4BF	0.0157294534014943	3	McGill0006	95	false.positive
#F6F4BF	0.00786472670074715	3	McGill0011	95	false.positive
#F6F4BF	0.00786472670074715	4	McGill0006	95	false.positive
#F6F4BF	0.00786472670074715	5	McGill0006	95	false.positive
#F6F4BF	0.0157294534014943	5	McGill0009	95	false.positive
#F6F4BF	0.00786472670074715	3	McGill0005	100	false.positive
#F6F4BF	0.00786472670074715	3	McGill0006	100	false.positive
#F6F4BF	0.00786472670074715	3	McGill0011	100	false.positive
#F6F4BF	0.00786472670074715	4	McGill0006	100	false.positive
#FF7D7D	10.2102102102102	1	McGill0004	5	false.negative
#FF7D7D	13.8138138138138	1	McGill0006	5	false.negative
#FF7D7D	84.3843843843844	2	McGill0004	5	false.negative
#FF7D7D	18.9189189189189	2	McGill0006	5	false.negative
#FF7D7D	100	3	McGill0004	5	false.negative
#FF7D7D	100	3	McGill0006	5	false.negative
#FF7D7D	33.033033033033	3	McGill0007	5	false.negative
#FF7D7D	64.2642642642643	3	McGill0010	5	false.negative
#FF7D7D	11.4114114114114	4	McGill0004	5	false.negative
#FF7D7D	1.5015015015015	4	McGill0006	5	false.negative
#FF7D7D	49.5495495495496	5	McGill0004	5	false.negative
#FF7D7D	15.015015015015	5	McGill0006	5	false.negative
#FF7D7D	6.60660660660661	1	McGill0004	9	false.negative
#FF7D7D	1.2012012012012	1	McGill0005	9	false.negative
#FF7D7D	16.2162162162162	1	McGill0006	9	false.negative
#FF7D7D	0.900900900900901	1	McGill0008	9	false.negative
#FF7D7D	0.3003003003003	1	McGill0009	9	false.negative
#FF7D7D	0.3003003003003	1	McGill0011	9	false.negative
#FF7D7D	18.3183183183183	2	McGill0004	9	false.negative
#FF7D7D	4.80480480480481	2	McGill0006	9	false.negative
#FF7D7D	100	3	McGill0004	9	false.negative
#FF7D7D	98.1981981981982	3	McGill0006	9	false.negative
#FF7D7D	16.5165165165165	3	McGill0007	9	false.negative
#FF7D7D	4.50450450450451	3	McGill0009	9	false.negative
#FF7D7D	44.4444444444444	3	McGill0010	9	false.negative
#FF7D7D	0.3003003003003	3	McGill0011	9	false.negative
#FF7D7D	64.8648648648649	4	McGill0004	9	false.negative
#FF7D7D	9.90990990990991	4	McGill0006	9	false.negative
#FF7D7D	1.5015015015015	4	McGill0007	9	false.negative
#FF7D7D	3.9039039039039	4	McGill0010	9	false.negative
#FF7D7D	2.1021021021021	5	McGill0004	9	false.negative
#FF7D7D	6.90690690690691	5	McGill0006	9	false.negative
#FF7D7D	5.40540540540541	1	McGill0004	13	false.negative
#FF7D7D	1.2012012012012	1	McGill0005	13	false.negative
#FF7D7D	18.018018018018	1	McGill0006	13	false.negative
#FF7D7D	1.8018018018018	1	McGill0008	13	false.negative
#FF7D7D	0.3003003003003	1	McGill0009	13	false.negative
#FF7D7D	11.1111111111111	2	McGill0004	13	false.negative
#FF7D7D	0.3003003003003	2	McGill0006	13	false.negative
#FF7D7D	71.7717717717718	3	McGill0004	13	false.negative
#FF7D7D	85.2852852852853	3	McGill0006	13	false.negative
#FF7D7D	11.7117117117117	3	McGill0007	13	false.negative
#FF7D7D	7.50750750750751	3	McGill0009	13	false.negative
#FF7D7D	42.3423423423423	3	McGill0010	13	false.negative
#FF7D7D	0.3003003003003	3	McGill0011	13	false.negative
#FF7D7D	58.2582582582583	4	McGill0004	13	false.negative
#FF7D7D	6.00600600600601	4	McGill0006	13	false.negative
#FF7D7D	1.2012012012012	4	McGill0007	13	false.negative
#FF7D7D	3.003003003003	4	McGill0010	13	false.negative
#FF7D7D	0.600600600600601	5	McGill0004	13	false.negative
#FF7D7D	3.3033033033033	5	McGill0006	13	false.negative
#FF7D7D	4.50450450450451	1	McGill0004	17	false.negative
#FF7D7D	0.900900900900901	1	McGill0005	17	false.negative
#FF7D7D	22.5225225225225	1	McGill0006	17	false.negative
#FF7D7D	1.2012012012012	1	McGill0008	17	false.negative
#FF7D7D	0.3003003003003	1	McGill0009	17	false.negative
#FF7D7D	0.3003003003003	1	McGill0010	17	false.negative
#FF7D7D	7.20720720720721	2	McGill0004	17	false.negative
#FF7D7D	0.3003003003003	2	McGill0006	17	false.negative
#FF7D7D	54.3543543543544	3	McGill0004	17	false.negative
#FF7D7D	69.0690690690691	3	McGill0006	17	false.negative
#FF7D7D	9.00900900900901	3	McGill0007	17	false.negative
#FF7D7D	11.4114114114114	3	McGill0009	17	false.negative
#FF7D7D	42.9429429429429	3	McGill0010	17	false.negative
#FF7D7D	0.3003003003003	3	McGill0011	17	false.negative
#FF7D7D	43.8438438438438	4	McGill0004	17	false.negative
#FF7D7D	3.6036036036036	4	McGill0006	17	false.negative
#FF7D7D	0.900900900900901	4	McGill0007	17	false.negative
#FF7D7D	2.1021021021021	4	McGill0010	17	false.negative
#FF7D7D	2.4024024024024	5	McGill0006	17	false.negative
#FF7D7D	2.4024024024024	1	McGill0004	21	false.negative
#FF7D7D	0.600600600600601	1	McGill0005	21	false.negative
#FF7D7D	26.1261261261261	1	McGill0006	21	false.negative
#FF7D7D	0.900900900900901	1	McGill0008	21	false.negative
#FF7D7D	2.4024024024024	1	McGill0010	21	false.negative
#FF7D7D	3.3033033033033	2	McGill0004	21	false.negative
#FF7D7D	47.4474474474475	3	McGill0004	21	false.negative
#FF7D7D	0.900900900900901	3	McGill0005	21	false.negative
#FF7D7D	51.0510510510511	3	McGill0006	21	false.negative
#FF7D7D	6.60660660660661	3	McGill0007	21	false.negative
#FF7D7D	14.1141141141141	3	McGill0009	21	false.negative
#FF7D7D	42.042042042042	3	McGill0010	21	false.negative
#FF7D7D	0.3003003003003	3	McGill0011	21	false.negative
#FF7D7D	37.8378378378378	4	McGill0004	21	false.negative
#FF7D7D	2.7027027027027	4	McGill0006	21	false.negative
#FF7D7D	0.600600600600601	4	McGill0007	21	false.negative
#FF7D7D	1.8018018018018	4	McGill0010	21	false.negative
#FF7D7D	1.5015015015015	5	McGill0006	21	false.negative
#FF7D7D	1.8018018018018	1	McGill0004	25	false.negative
#FF7D7D	0.600600600600601	1	McGill0005	25	false.negative
#FF7D7D	25.5255255255255	1	McGill0006	25	false.negative
#FF7D7D	0.900900900900901	1	McGill0008	25	false.negative
#FF7D7D	1.5015015015015	1	McGill0010	25	false.negative
#FF7D7D	0.900900900900901	2	McGill0004	25	false.negative
#FF7D7D	36.9369369369369	3	McGill0004	25	false.negative
#FF7D7D	3.3033033033033	3	McGill0005	25	false.negative
#FF7D7D	42.042042042042	3	McGill0006	25	false.negative
#FF7D7D	3.003003003003	3	McGill0007	25	false.negative
#FF7D7D	8.70870870870871	3	McGill0009	25	false.negative
#FF7D7D	20.7207207207207	3	McGill0010	25	false.negative
#FF7D7D	0.3003003003003	3	McGill0011	25	false.negative
#FF7D7D	35.1351351351351	4	McGill0004	25	false.negative
#FF7D7D	2.4024024024024	4	McGill0006	25	false.negative
#FF7D7D	0.600600600600601	4	McGill0007	25	false.negative
#FF7D7D	1.5015015015015	4	McGill0010	25	false.negative
#FF7D7D	1.2012012012012	5	McGill0006	25	false.negative
#FF7D7D	0.3003003003003	5	McGill0008	25	false.negative
#FF7D7D	0.3003003003003	1	McGill0005	29	false.negative
#FF7D7D	18.018018018018	1	McGill0006	29	false.negative
#FF7D7D	0.600600600600601	1	McGill0008	29	false.negative
#FF7D7D	1.5015015015015	1	McGill0010	29	false.negative
#FF7D7D	27.9279279279279	3	McGill0004	29	false.negative
#FF7D7D	3.3033033033033	3	McGill0005	29	false.negative
#FF7D7D	34.2342342342342	3	McGill0006	29	false.negative
#FF7D7D	1.2012012012012	3	McGill0007	29	false.negative
#FF7D7D	5.40540540540541	3	McGill0009	29	false.negative
#FF7D7D	13.2132132132132	3	McGill0010	29	false.negative
#FF7D7D	0.3003003003003	3	McGill0011	29	false.negative
#FF7D7D	33.033033033033	4	McGill0004	29	false.negative
#FF7D7D	2.4024024024024	4	McGill0006	29	false.negative
#FF7D7D	0.600600600600601	4	McGill0007	29	false.negative
#FF7D7D	1.5015015015015	4	McGill0010	29	false.negative
#FF7D7D	0.900900900900901	5	McGill0006	29	false.negative
#FF7D7D	0.3003003003003	5	McGill0008	29	false.negative
#FF7D7D	0.3003003003003	1	McGill0005	34	false.negative
#FF7D7D	15.015015015015	1	McGill0006	34	false.negative
#FF7D7D	0.3003003003003	1	McGill0008	34	false.negative
#FF7D7D	0.900900900900901	1	McGill0010	34	false.negative
#FF7D7D	15.015015015015	3	McGill0004	34	false.negative
#FF7D7D	3.003003003003	3	McGill0005	34	false.negative
#FF7D7D	30.03003003003	3	McGill0006	34	false.negative
#FF7D7D	0.600600600600601	3	McGill0007	34	false.negative
#FF7D7D	3.6036036036036	3	McGill0009	34	false.negative
#FF7D7D	3.3033033033033	3	McGill0010	34	false.negative
#FF7D7D	29.7297297297297	4	McGill0004	34	false.negative
#FF7D7D	2.1021021021021	4	McGill0006	34	false.negative
#FF7D7D	0.3003003003003	4	McGill0007	34	false.negative
#FF7D7D	1.2012012012012	4	McGill0010	34	false.negative
#FF7D7D	0.3003003003003	5	McGill0006	34	false.negative
#FF7D7D	0.3003003003003	5	McGill0008	34	false.negative
#FF7D7D	0.3003003003003	1	McGill0005	38	false.negative
#FF7D7D	12.9129129129129	1	McGill0006	38	false.negative
#FF7D7D	0.3003003003003	1	McGill0008	38	false.negative
#FF7D7D	0.900900900900901	1	McGill0010	38	false.negative
#FF7D7D	11.1111111111111	3	McGill0004	38	false.negative
#FF7D7D	1.8018018018018	3	McGill0005	38	false.negative
#FF7D7D	28.2282282282282	3	McGill0006	38	false.negative
#FF7D7D	0.3003003003003	3	McGill0007	38	false.negative
#FF7D7D	2.7027027027027	3	McGill0009	38	false.negative
#FF7D7D	2.4024024024024	3	McGill0010	38	false.negative
#FF7D7D	25.8258258258258	4	McGill0004	38	false.negative
#FF7D7D	1.8018018018018	4	McGill0006	38	false.negative
#FF7D7D	0.3003003003003	4	McGill0007	38	false.negative
#FF7D7D	0.900900900900901	4	McGill0010	38	false.negative
#FF7D7D	0.3003003003003	5	McGill0006	38	false.negative
#FF7D7D	0.3003003003003	5	McGill0008	38	false.negative
#FF7D7D	8.70870870870871	1	McGill0006	42	false.negative
#FF7D7D	0.3003003003003	1	McGill0008	42	false.negative
#FF7D7D	5.40540540540541	3	McGill0004	42	false.negative
#FF7D7D	0.3003003003003	3	McGill0005	42	false.negative
#FF7D7D	20.4204204204204	3	McGill0006	42	false.negative
#FF7D7D	1.5015015015015	3	McGill0009	42	false.negative
#FF7D7D	14.7147147147147	4	McGill0004	42	false.negative
#FF7D7D	1.2012012012012	4	McGill0006	42	false.negative
#FF7D7D	0.600600600600601	4	McGill0010	42	false.negative
#FF7D7D	0.3003003003003	5	McGill0006	42	false.negative
#FF7D7D	0.3003003003003	5	McGill0008	42	false.negative
#FF7D7D	5.10510510510511	1	McGill0006	46	false.negative
#FF7D7D	2.7027027027027	3	McGill0004	46	false.negative
#FF7D7D	0.3003003003003	3	McGill0005	46	false.negative
#FF7D7D	10.2102102102102	3	McGill0006	46	false.negative
#FF7D7D	1.2012012012012	3	McGill0009	46	false.negative
#FF7D7D	8.40840840840841	4	McGill0004	46	false.negative
#FF7D7D	0.900900900900901	4	McGill0006	46	false.negative
#FF7D7D	0.600600600600601	4	McGill0010	46	false.negative
#FF7D7D	0.3003003003003	5	McGill0006	46	false.negative
#FF7D7D	0.3003003003003	5	McGill0008	46	false.negative
#FF7D7D	2.4024024024024	1	McGill0006	50	false.negative
#FF7D7D	0.900900900900901	3	McGill0004	50	false.negative
#FF7D7D	0.3003003003003	3	McGill0005	50	false.negative
#FF7D7D	2.4024024024024	3	McGill0006	50	false.negative
#FF7D7D	0.600600600600601	3	McGill0009	50	false.negative
#FF7D7D	5.40540540540541	4	McGill0004	50	false.negative
#FF7D7D	0.900900900900901	4	McGill0006	50	false.negative
#FF7D7D	0.3003003003003	4	McGill0010	50	false.negative
#FF7D7D	0.3003003003003	5	McGill0006	50	false.negative
#FF7D7D	0.900900900900901	1	McGill0006	54	false.negative
#FF7D7D	0.600600600600601	3	McGill0004	54	false.negative
#FF7D7D	0.3003003003003	3	McGill0005	54	false.negative
#FF7D7D	0.600600600600601	3	McGill0006	54	false.negative
#FF7D7D	0.600600600600601	3	McGill0009	54	false.negative
#FF7D7D	1.2012012012012	4	McGill0004	54	false.negative
#FF7D7D	0.3003003003003	4	McGill0006	54	false.negative
#FF7D7D	0.3003003003003	4	McGill0010	54	false.negative
#FF7D7D	0.3003003003003	3	McGill0004	58	false.negative
#FF7D7D	0.600600600600601	4	McGill0004	58	false.negative
#FF7D7D	0.3003003003003	4	McGill0006	58	false.negative
#FF7D7D	0.3003003003003	4	McGill0010	58	false.negative
#FF7D7D	0.3003003003003	4	McGill0004	62	false.negative
#FF7D7D	0.3003003003003	4	McGill0006	62	false.negative
#FF7D7D	0.3003003003003	4	McGill0004	67	false.negative
#FF7D7D	0.3003003003003	4	McGill0006	67	false.negative
#FF7D7D	0.3003003003003	4	McGill0004	71	false.negative
#FF7D7D	0.3003003003003	4	McGill0006	71	false.negative
#FF7D7D	0.3003003003003	4	McGill0006	75	false.negative
#FF7D7D	0.3003003003003	4	McGill0006	79	false.negative
